dataset,candidate_index,proof_id,arm,successful,missed_reviews,characters_mutated,changed_blocks,mutation_sha256
graduate_course,1,analysis_measures_integration_hilbert,strategies,False,0,2,1,064325f01480e03c5277869db62d2aaca27a7201a8a1db90e7a749dca15174e0
graduate_course,2,analysis_differential_operators_wavefront_spectral,strategies,False,0,35,1,d487c105a4ff7637fe91add312df16f42263c0bf22a3cb37c79f4a899cd3879f
graduate_course,3,topology_homological_algebra_kunneth,generic,False,0,74,1,333fcb36235e94a9bf530e47413625d95fb6a138a87f1f1d3b3d137aaaab1250
graduate_course,4,nt_dedekind_domains_etale_algebras,generic,True,1,19,1,05cee308ddfe13e0cb883f9efa099dca941545c3a2fb694497847a0cc322cf77
graduate_course,5,nt_global_fields_geometry_numbers,generic,False,0,129,1,1e55327e0662cee6ed5080abeb12ffee81d0626b19004ddebe7ca8d2a91eb9e5
graduate_course,6,topology_relative_homology_excision,generic,False,0,316,1,f6791aa93ca23c7db2562f8c0e9587465307563e41ce7e91dd03e11e586a77fb
graduate_course,7,analysis_measures_integration_hilbert,strategies,True,2,1,1,cb95496f3f429cb88063ee4fe986371e12d3f0b0e38ddecaeb9fd663f22141c4
graduate_course,8,analysis_measures_integration_hilbert,generic,False,0,6,1,9ca6f7f631ff5e648e1411db67b54ab35c68d5261b0f33a84cebfdab363c3c53
graduate_course,9,nt_local_fields_hensel_complete_dvrs,generic,True,2,7,1,0accdf8f1260d2e9d79ab2cd7beefd9fbddbd1f5f6d43553af902c60932489fa
graduate_course,10,nt_local_fields_hensel_complete_dvrs,strategies,True,1,3,1,b30cf7d84d2f7cab9b8eda3cfde9f6adefe08eb8768ee096f945ccc470c849ba
graduate_course,11,topology_relative_homology_excision,generic,False,0,14,1,bada1f6757fc401b2891e422873500ad182dc9ef7722c02ab202a3ce86bf3ca2
graduate_course,12,analysis_measures_integration_hilbert,strategies,False,0,2,1,63cf52bdc0b5515f05b9e25b6bb0185067910d38db15b8e2348a8921b9c39950
graduate_course,13,nt_local_fields_hensel_complete_dvrs,generic,True,3,14,2,7d4fec866b0a4411a5e347a3bb2e58b24bd5ff6cf2cee45cbef5de2f776ddcec
graduate_course,14,nt_local_fields_hensel_complete_dvrs,generic,True,1,7,1,0accdf8f1260d2e9d79ab2cd7beefd9fbddbd1f5f6d43553af902c60932489fa
graduate_course,15,nt_ideal_norms_dedekind_kummer,generic,False,0,628,3,33f62b3990f2c5659b61a7ea4bb8adf16f0e37cba47a451afb02fb65e7e8a601
graduate_course,16,analysis_differential_operators_wavefront_spectral,strategies,False,0,30,2,dd21b3c25404ed139e584865981b79df895d93f2c379978ce2ecc6e56553afee
graduate_course,17,nt_global_fields_geometry_numbers,generic,False,0,90,1,b0f07542d6ee3fa75b13d9be8f9a15d57d8599e33edab4c9901a580acb8ef182
graduate_course,18,nt_dedekind_domains_etale_algebras,generic,False,0,27,1,06ce67f2f7297aab41ce3baead22c3db615a4e54e35b0be93ac9538653cf7a9f
graduate_course,19,topology_homological_algebra_kunneth,strategies,False,0,5,1,41bb54c0af5e3bbda44be37bef023af0c06f469992b7c84d23b44a57c532bdfe
graduate_course,20,nt_local_fields_hensel_complete_dvrs,generic,False,0,7,1,23f14808159a2e3217fdf5cc3c0e04e49f93a5be3205a83e913f0dfaf40359aa
graduate_course,21,nt_local_fields_hensel_complete_dvrs,strategies,False,0,8,1,7ac4ca99c14543fab791c7451c159aa25d4b60e51b3eab0eddaafb1987a947a1
graduate_course,22,nt_dedekind_domains_etale_algebras,strategies,False,0,9,1,612f3ab7e9449484c7c25365fd71a50726cef3edb40cc06671c490399ee2f783
graduate_course,23,geometry_fredholm_smale_transversality,strategies,False,0,20,1,464ca6b4dd8d6ac9978bf2635ef2d24a0efa7685d2d89e458f981a1e313c0eff
graduate_course,24,nt_global_fields_geometry_numbers,strategies,True,3,9,1,9b6d9c26698154daa2b4f6593a18196d644809a2d3ebc531f13072f095ed7ac3
graduate_course,25,analysis_differential_operators_wavefront_spectral,generic,False,0,65,1,79b39033c35720a0f37d998457038620a7b345052c4962474611e9963d56abed
graduate_course,26,analysis_measures_integration_hilbert,generic,True,2,16,1,78152f429221d562254d9cb1acda3409c83b046dc277d6a922468ab3f2c15ade
graduate_course,27,nt_ideal_norms_dedekind_kummer,strategies,True,2,1,1,4c39076f13a661cf450dff00423790968946fa19e430b2f09ba714959c38ea38
graduate_course,28,topology_homological_algebra_kunneth,strategies,False,0,86,1,4c178cbf0e2b70d3f2c9b50a17a5d0c5f3124854afc6688e04ebc33a2303dc59
graduate_course,29,analysis_measures_integration_hilbert,generic,False,0,1,1,3d8e9b6d941aaba73ee672a65bfaa6d6c5d4fb85c82d9e91351983aecac83bdc
graduate_course,30,analysis_convergence_lp,strategies,False,0,26,4,c254f8b75eba04689e582283fdd2758ec55e6e78f63f2a0189e358372407183e
graduate_course,31,nt_dedekind_domains_etale_algebras,strategies,False,0,8,1,aba9f2c75a7e96b7100cc5d22e5aedc99466ebff2eb3b996acf2323f9e8acc23
graduate_course,32,analysis_convergence_lp,strategies,False,0,7,2,d581da4d2272207c4ce204f2e7850eb52d385cf593098bdb004c8bae81ba04bd
graduate_course,33,geometry_fredholm_smale_transversality,strategies,False,0,2,1,214e29857b606c346737c58a9c10380470f5a8fe110a669efa4a48be1c0f3c67
graduate_course,34,topology_homological_algebra_kunneth,generic,False,0,86,1,4c178cbf0e2b70d3f2c9b50a17a5d0c5f3124854afc6688e04ebc33a2303dc59
graduate_course,35,nt_dedekind_domains_etale_algebras,strategies,False,0,26,2,e6885db8aea7dd936b9fd19c797661b64155f90ce26b522cee891524e7718400
graduate_course,36,geometry_fredholm_smale_transversality,generic,False,0,2,2,f5c571096d900dc9f98ffe16b164f5c387f875bf3b57da669297f282ce07d932
graduate_course,37,nt_local_fields_hensel_complete_dvrs,strategies,True,1,7,2,d299cb07b527680ce08a2fda2c4930664f5006d1941b89a367559a912b57300b
graduate_course,38,analysis_differential_operators_wavefront_spectral,strategies,False,0,2,2,9cdac481b807bf22b2ed22ae292c72f5548142523159bb6cbf525b7c1e9a1c08
graduate_course,39,nt_ideal_norms_dedekind_kummer,strategies,False,0,131,1,8945b59547e263a49c2625c7c693beb6448795ef76e76d1215e20848297977b7
graduate_course,40,geometry_fredholm_smale_transversality,strategies,False,0,8,1,b7af46c13e26917aed0a89937e97991a85a059f3e44172deea56dfe879dc85b2
graduate_course,41,nt_global_fields_geometry_numbers,strategies,False,0,359,3,820283e052d1605d5179e06bc85aaedb9751b2117fcfe734bca74df272f24d8f
graduate_course,42,nt_ideal_norms_dedekind_kummer,strategies,False,0,13,1,3d3a3672c1255a1dbde6bcdd7ddec04a003d7fe2fdd3d3a85fbc68473210e1b8
graduate_course,43,nt_ideal_norms_dedekind_kummer,generic,False,0,38,1,bbd9124e0edabbe5709a066cbfee3017714e1bcea04b26f1c07142dd7ced9543
graduate_course,44,topology_homological_algebra_kunneth,strategies,False,0,80,1,b995d18ba8b83eb2a693a2082d81e30c2749677bfcf0d344efcd99e88f7afc00
graduate_course,45,topology_homological_algebra_kunneth,strategies,True,2,14,1,514c1462b17f17930a2fb7829e00319ca994c4887bda84ef3574fb2833076683
graduate_course,46,nt_global_fields_geometry_numbers,strategies,False,0,78,2,5a97f108aa73a248ca80e689013faa699fa461093c27589aa99a499441f7e669
graduate_course,47,analysis_differential_operators_wavefront_spectral,generic,False,0,3,3,88fba4cf45835f5f99360a83816c518b5e03a86ee82642eca8b4f74ebc7205cd
graduate_course,48,nt_global_fields_geometry_numbers,generic,False,0,79,2,4c57ff6f0b00608013e2e6f13efadfba87b7074d5c72f558146076f395fdf858
graduate_course,49,analysis_convergence_lp,generic,False,0,55,2,ad474e66d5b8af1720d57b185e047539ca01aab12a0d76d9b238ae26d078694e
graduate_course,50,topology_relative_homology_excision,strategies,False,0,11,1,dad00100e0d110b62544ea800d45d9bf62798ca532810d973cae56766d9aeda3
graduate_course,51,analysis_convergence_lp,generic,False,0,40,2,d0e899f38d0863a339d5d7ded5e38cc926c69dfb989587ea863a055cdda4e915
graduate_course,52,nt_ideal_norms_dedekind_kummer,generic,False,0,334,2,99cbb237eb1b2dc5f5befb027bcf870aed0d82c0d2104d30b9c7c1673db41d4a
graduate_course,53,geometry_fredholm_smale_transversality,generic,True,1,128,2,6645624621540c3cfbead8941579f27716d1f27ef0622f43b0de49882545d03e
graduate_course,55,nt_dedekind_domains_etale_algebras,strategies,False,0,20,1,ec10d1f84e74abfc5fa466d0c84dde4362660baadf4e05c6ee39df0747fd1c8c
graduate_course,56,nt_ideal_norms_dedekind_kummer,strategies,False,0,35,1,17ad801f4d99cf114815fbf90be6a470b3fa535141fb30661bc5d2d030e33970
graduate_course,57,analysis_measures_integration_hilbert,strategies,False,0,54,4,b4571d4f3cdbf4c7ddc8d34cccbe6501ff1fd252fc8f01eea2475ed1b9650c97
graduate_course,58,topology_relative_homology_excision,strategies,False,0,14,1,bada1f6757fc401b2891e422873500ad182dc9ef7722c02ab202a3ce86bf3ca2
graduate_course,59,topology_relative_homology_excision,strategies,True,2,38,2,7485c2fb2666d317163d5bd6d9a1ed59a48bf3af76a4511793c1b2b89ac31021
graduate_course,60,analysis_measures_integration_hilbert,strategies,False,0,3,1,5b5af2acea1ed3a945ce01e0439be5afc96994a165ec87160a61c824b76198cc
graduate_course,61,topology_relative_homology_excision,generic,False,0,14,1,bada1f6757fc401b2891e422873500ad182dc9ef7722c02ab202a3ce86bf3ca2
graduate_course,62,analysis_differential_operators_wavefront_spectral,generic,False,0,43,2,6f1ca17c8a82342db98e79a9e83cabc62481e86b9f274a14e2c83e9ca492ad6e
graduate_course,63,analysis_measures_integration_hilbert,generic,False,0,1,1,e6bff154cc7c0ed231863023a8cf64888b48ab26eed3c248527fc6dc5d89b0b0
graduate_course,64,topology_relative_homology_excision,strategies,False,0,3,1,f4bf41251d10f42547a34cbc966653330c5d3e51ed5e4de35467944ac388144d
graduate_course,65,nt_global_fields_geometry_numbers,strategies,False,0,182,1,d653966c4608e99b0398c1df015f2ba76b604e6915883a8778c8f067fce3cbd6
graduate_course,66,nt_ideal_norms_dedekind_kummer,generic,False,0,7,1,8d9f5e378aa007d86dddd08d36d8c9165a60c4dca1de2d53045f926c1ac565e3
graduate_course,67,nt_global_fields_geometry_numbers,generic,False,0,1,1,24ec8cadd59b3cdc4dadf2e5b2223e900f3b241661cf63ca73f3eaa3eec21944
graduate_course,68,nt_ideal_norms_dedekind_kummer,strategies,False,0,112,1,eb57fde64b383802b5c407d51d6e98abc499d172f4ce5ac9e9a3c87798763c5e
graduate_course,69,geometry_fredholm_smale_transversality,generic,False,0,2,2,f5c571096d900dc9f98ffe16b164f5c387f875bf3b57da669297f282ce07d932
graduate_course,70,topology_homological_algebra_kunneth,generic,True,3,14,1,514c1462b17f17930a2fb7829e00319ca994c4887bda84ef3574fb2833076683
graduate_course,71,analysis_differential_operators_wavefront_spectral,strategies,False,0,2,1,e309497efe4d9398f5c7a896b9f3d19ef0cfac15ee0750ebe3fd9f5607002ef9
graduate_course,72,analysis_convergence_lp,strategies,True,2,2,1,d10aae2eb55122794918da197f81bffa2fdbbd61222918c528972f4d2344f0b8
graduate_course,73,topology_relative_homology_excision,strategies,False,0,2,2,fe77aff5cc9241fac8d9e7fbbfc393a7182cae915d6bca75b265153afed12c96
graduate_course,74,nt_local_fields_hensel_complete_dvrs,generic,False,0,64,1,f9cadc71a2b67cdca9eb773e4358d4bfd9414d754e85fec459bd750d41b93ccb
graduate_course,76,analysis_convergence_lp,generic,False,0,1,1,2c6b41aa929dfbe2776c45d467928757605d9585c36afe255ce91b2d7190f0b7
graduate_course,77,geometry_fredholm_smale_transversality,strategies,False,0,95,2,7d58f7eac5492d25d7730f83594965a6667dc19917de83c6a58edde4aeaa917c
graduate_course,78,topology_relative_homology_excision,generic,False,0,3,1,f4bf41251d10f42547a34cbc966653330c5d3e51ed5e4de35467944ac388144d
graduate_course,79,geometry_fredholm_smale_transversality,generic,False,0,2,2,f5c571096d900dc9f98ffe16b164f5c387f875bf3b57da669297f282ce07d932
graduate_course,80,nt_local_fields_hensel_complete_dvrs,strategies,False,0,1,1,7a3171bf37a6b505e18795589bd643916144158a9723b8bbaf52d801897722e3
graduate_course,81,analysis_convergence_lp,generic,False,0,22,3,affc4dceb0c207d32c5df5013c7fd66b286652e3192a769ff336a300ea9374c0
graduate_course,82,topology_homological_algebra_kunneth,generic,False,0,13,1,de557d53c5b6e8bd693e7fc7e07790c4dd79ce16b33ca5eb5ac0e52dfed7e701
graduate_course,83,nt_ideal_norms_dedekind_kummer,generic,False,0,7,1,da994b5385360bb0e9727ed04b43c489cda4ebf22880617f116e295f5b7df2a0
graduate_course,84,analysis_differential_operators_wavefront_spectral,generic,False,0,4,4,c3da7426d720f6b6ec2b73cb72bae5b675148838f01563a47daf5ea79d6fab97
graduate_course,85,nt_dedekind_domains_etale_algebras,strategies,False,0,18,1,4d689d9ff86d9d08ab848432524fdb62bf572c0da88e0af2c99379f4683f1340
graduate_course,86,topology_relative_homology_excision,generic,False,0,30,1,2595b2a260008ea2881840aabc0fb580b073a00947b8086111555f9bd9109072
graduate_course,87,topology_homological_algebra_kunneth,strategies,False,0,20,3,e19dab6bd2bfe6c31bb5052d725ce777e44e4e80d527911d3cebc0fc68668a96
graduate_course,88,geometry_fredholm_smale_transversality,generic,False,0,2,2,f5c571096d900dc9f98ffe16b164f5c387f875bf3b57da669297f282ce07d932
graduate_course,89,analysis_differential_operators_wavefront_spectral,strategies,False,0,6,1,48215c3a42c5d5ff71181baa96b4c25c1e47e9b2dbe91d40a618c74cc3c5f21a
graduate_course,90,nt_dedekind_domains_etale_algebras,generic,False,0,6,2,ff90fa46535e9f15c4751b8c58cdceac8fc48d69992e4ec451517c951b1e1c58
graduate_course,91,topology_homological_algebra_kunneth,generic,True,2,14,1,514c1462b17f17930a2fb7829e00319ca994c4887bda84ef3574fb2833076683
graduate_course,92,nt_dedekind_domains_etale_algebras,generic,False,0,2,1,a0ef2df991bd4ac21b9044169cd5754a9dbffc3266df1d8324c301f68a7df85b
graduate_course,93,nt_local_fields_hensel_complete_dvrs,strategies,True,3,7,2,d299cb07b527680ce08a2fda2c4930664f5006d1941b89a367559a912b57300b
graduate_course,94,analysis_differential_operators_wavefront_spectral,generic,False,0,61,2,ab1e40ef02e14b813a61a98cd46f2f801fe347cb4cf5786a657762454604241b
graduate_course,95,analysis_measures_integration_hilbert,generic,True,1,131,3,7a8e68657f72460e5904f83847e8c807399d159472c746217ba22501f391b4f7
graduate_course,96,geometry_fredholm_smale_transversality,strategies,False,0,3,2,0623f90c183e731d0dc8be89ea7c257120d1d6fb5a86bf598317df33e450d0d7
graduate_course,97,analysis_convergence_lp,strategies,False,0,1,1,2c6b41aa929dfbe2776c45d467928757605d9585c36afe255ce91b2d7190f0b7
graduate_course,98,nt_global_fields_geometry_numbers,strategies,False,0,1,1,fa0a23f9d68e1728c5e04d31bc2d634d18edf009070812b8ad3e285a60ae89b5
graduate_course,99,nt_global_fields_geometry_numbers,generic,False,0,1,1,24ec8cadd59b3cdc4dadf2e5b2223e900f3b241661cf63ca73f3eaa3eec21944
graduate_course,100,analysis_convergence_lp,generic,False,0,7,2,d581da4d2272207c4ce204f2e7850eb52d385cf593098bdb004c8bae81ba04bd
tcs,1,05_arithmetic_circuit_complexity,generic,False,0,9,3,459fcde93a7961645d671d6f2cbdf39003d992f00d1b6b96e4e23406c47d990d
tcs,2,05_arithmetic_circuit_complexity,strategies,False,0,4,1,ab6f4e1dae288e3cca6cad7440bd3e6a0ad373182118572e02f6f6448f5e56ea
tcs,3,01_high_dimensional_sphere_packing,generic,False,0,12,2,74504bfd00b55654698c47f6c76fb5407f8598b7c6a269690ba7f18528526327
tcs,4,01_high_dimensional_sphere_packing,strategies,True,3,248,1,978d5109a38a3b3b0836c09a6baec03e80f102ef1068c3f1b4b6fb0ec540f473
tcs,5,06_quantum_parallel_repetition,strategies,False,0,3,3,eec3085cbff5433b5f8a484f4705b73b99b0fc6641f6b057e91617151258b2c0
tcs,6,06_quantum_parallel_repetition,generic,True,1,31,19,30bb1201e28b2a6993210dceb79127c03e6cf0facbb44976ac1fb7466ce7d1a5
tcs,8,02_binary_and_spherical_codes,strategies,True,3,130,1,192a338fcbbfba2320b9deeb4ac1bc8eb2d5e7f5a6951906563def028d3ddb64
tcs,9,07_closest_vector_problem,strategies,False,0,58,1,4deee802ef9cae18f9b5ce71bb0803246885e7b0128b51e728a2a204fc60b1bc
tcs,10,07_closest_vector_problem,generic,False,0,8,2,de01f67fee3d4758b951613707fe958bfc104594a2c756ce13d1097f3f55f5ce
tcs,12,07_closest_vector_problem,strategies,True,1,35,1,1a24c684836141ded8829ab0d4fc15f9219088568b5f5c5768de6532b8ca3650
tcs,13,01_high_dimensional_sphere_packing,generic,False,0,67,3,16a233bd2906eb38ffdf378fbcd5735248b0256eda327c78f32ccc7db163a37e
tcs,14,01_high_dimensional_sphere_packing,strategies,True,2,1,1,9606981a359f0017b51f54ef46a1fde966028dfa3bff06374e9acef712beaaf3
tcs,15,07_closest_vector_problem,strategies,False,0,12,2,b3271e9f010003fac8bca467c8b7c8ee752dc02c39485a1366d6daadba82499f
tcs,16,07_closest_vector_problem,generic,False,0,119,6,f992adcf3a999b53e5302eb5a6ba145ffdcd7fd108e6810fc86f7b27101578f6
tcs,17,05_arithmetic_circuit_complexity,strategies,False,0,1,1,a54a960cb8c8c185e60519fb84e9877a499a12a495d24634ed538ffd19d4ac6b
tcs,18,05_arithmetic_circuit_complexity,generic,False,0,11,5,4ee1203f47dab8b0ef520c5c41a3e4e2d16672ecbd562cc20876d8fcd1b5421c
tcs,19,02_binary_and_spherical_codes,strategies,True,3,303,1,9df37afa681c3a8d511fdc2e8bc8606ce257dfe8fb12f1bdbbeb690d6a1e92b3
tcs,20,02_binary_and_spherical_codes,generic,False,0,14,1,637e90176a43db10f41e13fec3333c84c54dd083f8f248ddc774d44ee1cccc39
tcs,21,06_quantum_parallel_repetition,strategies,False,0,428,8,14a6a655fb04be2a4ddc92edc596f1612e250102483d1ce3e01ef9088675bf64
tcs,22,06_quantum_parallel_repetition,generic,False,0,31,19,f5ca53bbc746f3ec51ea2345dd91f6e6ed3c3bbade9e52798cf53169dc6ad5ae
tcs,23,07_closest_vector_problem,strategies,True,1,16,1,b2fe04c124d4864b1356e37d789a199f6be6a6aa9455aa0ab226d35550c6237f
tcs,24,07_closest_vector_problem,generic,False,0,237,6,a1ad0db31fbfc7dae67da4f6294c172794d62440cef1eba212080c22979b8fd6
tcs,25,05_arithmetic_circuit_complexity,generic,False,0,227,3,5e532535bf7b67cbf34f0def35e6c6077475052df7f358386a9f61fd094a99e6
tcs,26,05_arithmetic_circuit_complexity,strategies,False,0,4,1,ab6f4e1dae288e3cca6cad7440bd3e6a0ad373182118572e02f6f6448f5e56ea
tcs,27,05_arithmetic_circuit_complexity,generic,True,1,6,3,2fb141253b272ae18c4c9910143bb43e2686b1d6a5f6dc105f33bb2438375cad
tcs,28,05_arithmetic_circuit_complexity,strategies,False,0,3,1,a7010cb1f6ea7f93a2ad625cc54258e78740dd224a34603682ab957953e1389e
tcs,29,05_arithmetic_circuit_complexity,generic,False,0,11,5,4ee1203f47dab8b0ef520c5c41a3e4e2d16672ecbd562cc20876d8fcd1b5421c
tcs,30,05_arithmetic_circuit_complexity,strategies,False,0,7,2,a656a55fb007fecd42277803a19c2ee6a2b2490a961793fc19f15d904dede169
tcs,31,02_binary_and_spherical_codes,strategies,True,2,277,1,e3c293eda672eab5a5ef3de8d67789245a76666543799121055ac6f9d9b41235
tcs,32,02_binary_and_spherical_codes,generic,False,0,3,3,22e377cbca65baa57b31cfd1db2d17411f248314fc8fe461346f3391731be15e
tcs,33,06_quantum_parallel_repetition,strategies,False,0,24,13,31e667bec2b60cb422b7089f64c3dbd55a7a510aa8ec9e3d6a829b3a77d46edd
tcs,34,06_quantum_parallel_repetition,generic,False,0,378,4,57783830391f37aa3c8e1c41e1fb290defc2a6bfbcdfba2e3de32bb1814fb490
tcs,36,02_binary_and_spherical_codes,generic,True,1,2,2,a8156de8b4b79a277525c21a11ce2fc1853d48246599ab873c9465eb64e1084e
tcs,37,01_high_dimensional_sphere_packing,strategies,False,0,7,2,c31374ed66963222cc329eff028e4419b98d08a4e2100996905e2cbb470ae7d2
tcs,41,01_high_dimensional_sphere_packing,strategies,True,2,33,6,e9642e1184abe3512c6e290763b9af810cb9284edc12835487267e620a0cf66f
tcs,42,01_high_dimensional_sphere_packing,generic,True,1,30,6,1639933d03ba8163faca43ac6146d9a33cf8c0c6233c2917e798c951254d5a18
tcs,43,06_quantum_parallel_repetition,strategies,False,0,866,5,c1a976c21fd3e0bedca7a90670a0440294eac4f9d00522af0d58225920b9852b
tcs,44,06_quantum_parallel_repetition,generic,False,0,814,13,87ed02f831fd2d805a881896851df6e682a15886fc38f15efb59fde4ed77167b
tcs,45,02_binary_and_spherical_codes,generic,True,3,12,4,1f7077edb07833b64aa2ec2a58b878d80adafd1b0bf97bfdec2d293482312ac6
tcs,46,02_binary_and_spherical_codes,strategies,True,2,70,1,6b4a925d367cc51ad6f9447abc34b0d6b22fe6a356ae20830f27a743387c9c76
tcs,47,07_closest_vector_problem,strategies,False,0,14,1,b15e9e29759b4ee18524cea2e6eab2c3c5879e059acd6f77e406f727ad241bc9
tcs,48,07_closest_vector_problem,generic,False,0,76,3,cdb8d01a39bf97712281f76a517dbfad5862491eca443cd99b3ddf54660d26ec
tcs,49,01_high_dimensional_sphere_packing,generic,False,0,3,1,c9334cc9279942f2d981c1e51061ac86a9795ecbbebc52e09f15282dea92dfc6
tcs,50,01_high_dimensional_sphere_packing,strategies,True,1,220,1,ae32b488cde66c9d312081a787e0390ca2596ede3d944e4cd9ef8563cc866b4b
recent_math,1,arxiv_2405_19197,generic,False,0,2,1,f4eb56d704ee70f1a780dead5445aa8f3233af1e103ab690e0d7af8da0ae9546
recent_math,2,arxiv_2405_19197,generic,True,1,3,1,8204aed06afbf51eeec9ddd4851a9056b63fcae9a3a6b3fca8bd90400c7194a5
recent_math,3,arxiv_2405_19197,generic,False,0,2,1,f4eb56d704ee70f1a780dead5445aa8f3233af1e103ab690e0d7af8da0ae9546
recent_math,4,arxiv_2405_19197,generic,False,0,6,3,0f2549bf023482a03156b8bd3e7e308fc729ef4d203bd6aae5d7b5c27ee6766b
recent_math,5,arxiv_2405_19197,generic,False,0,2,1,f4eb56d704ee70f1a780dead5445aa8f3233af1e103ab690e0d7af8da0ae9546
recent_math,6,arxiv_2405_19197,strategies,False,0,17,2,3e581e2d8a6d13ffc6f958300ceb67c506115d01a02b2d83dbe6d20be4f9a718
recent_math,7,arxiv_2405_19197,strategies,True,2,3,1,8204aed06afbf51eeec9ddd4851a9056b63fcae9a3a6b3fca8bd90400c7194a5
recent_math,8,arxiv_2405_19197,strategies,False,0,4,2,d85922606e7a57f6f3b59082f82fe366f608ef467c65f2ed596cace8a77694ca
recent_math,9,arxiv_2405_19197,strategies,True,1,3,1,8204aed06afbf51eeec9ddd4851a9056b63fcae9a3a6b3fca8bd90400c7194a5
recent_math,10,arxiv_2405_19197,strategies,False,0,2,1,f4eb56d704ee70f1a780dead5445aa8f3233af1e103ab690e0d7af8da0ae9546
recent_math,11,arxiv_2406_16806,generic,False,0,64,1,2bb188c4f230d292e978701f105e57edeccf5ca8f704c16e97198b1383e46c1c
recent_math,12,arxiv_2406_16806,generic,False,0,2,1,d7e4b9881f343829bf8db1be35783763abbc1762e8ec0bb6ec996f6d99c52c51
recent_math,13,arxiv_2406_16806,generic,False,0,7,1,eaba59c3c03c7e0fea3058b7fbd8ce482e5103337cf26d008b22ec8464075dd9
recent_math,14,arxiv_2406_16806,generic,False,0,53,1,c2125fbe381b5ae09015f5c7ab26ac062e7629e1ce0c32a43565dc7bfd65183c
recent_math,15,arxiv_2406_16806,generic,False,0,93,1,99517fd55cd4067bdac35f9745bec275aeeef565d668f03306b8987306bab556
recent_math,16,arxiv_2406_16806,strategies,False,0,18,1,a1df69bfab86bf1657b4ccd04faaf201f58a2bf03d089321abcba1c3ae832f2e
recent_math,17,arxiv_2406_16806,strategies,False,0,5,1,9b8ade8bf49a0ee4bd59f9b8638e3b068d15ccfe7ccc1eb4a4ec94ee59be3582
recent_math,18,arxiv_2406_16806,strategies,False,0,56,1,1b1448dbfdf97c3a3a1dbc7ab15e09d809bbfaeb2b83a1a829be8c37f04cda4f
recent_math,19,arxiv_2406_16806,strategies,False,0,7,1,eaba59c3c03c7e0fea3058b7fbd8ce482e5103337cf26d008b22ec8464075dd9
recent_math,20,arxiv_2406_16806,strategies,False,0,22,2,b706778a027a71075e345993953c63403c318e8deda15a628cc638397b13618e
recent_math,21,arxiv_2501_05622,generic,False,0,1,1,8daa590d64e5e3722e72fcba5d4ca9d97851e1efdb203880791e5930ba953bbf
recent_math,22,arxiv_2501_05622,generic,True,2,9,2,282daf13ca6f13e8bd4323dbdc76cb4eccdbf1db8e0418701b1908ccbb9fe209
recent_math,23,arxiv_2501_05622,generic,True,3,2,2,b5676b0537b01a1578f259526994c430c81827adab8e0459247448a4de9c8a9a
recent_math,24,arxiv_2501_05622,generic,True,3,9,2,282daf13ca6f13e8bd4323dbdc76cb4eccdbf1db8e0418701b1908ccbb9fe209
recent_math,25,arxiv_2501_05622,generic,True,1,4,1,e89264098cd573d76fc63aa0e232be70fb6b69a10b646994422385938b793df4
recent_math,26,arxiv_2501_05622,strategies,True,2,29,12,ca3d2b10b69fff666d1157413cc13c99bb6b79a884c84d494e63c3232ab7eca8
recent_math,27,arxiv_2501_05622,strategies,True,1,4,1,e89264098cd573d76fc63aa0e232be70fb6b69a10b646994422385938b793df4
recent_math,28,arxiv_2501_05622,strategies,True,3,28,2,3f686370d9bec17fbf195e021680b0233c0708ae006b88ef7fe51dd766717664
recent_math,29,arxiv_2501_05622,strategies,True,3,2,1,4a61bf6e2d3728166d962b9825abf0cd659ec6f8ccf41b283ed36b9b2d06ee5e
recent_math,30,arxiv_2501_05622,strategies,True,1,4,1,e89264098cd573d76fc63aa0e232be70fb6b69a10b646994422385938b793df4
recent_math,31,arxiv_2505_05324,generic,True,3,2,2,cc46e8e3fa3659d7aa8a5a79eee7b9d27708aa3800fe31315437577e30936565
recent_math,32,arxiv_2505_05324,generic,True,1,1,1,ad4f02320a3d88769edb88ad2efdba45e43ccded746460ba305748d74924e0ea
recent_math,33,arxiv_2505_05324,generic,True,1,78,1,0f3e444e1b684331930aebefb6414536b53a285f66e86815371ff8607f4d896f
recent_math,34,arxiv_2505_05324,generic,False,0,30,3,e7a67d27bb7a3927f54fbd84a3ff38f0751dad12b476c8cbb575b30f173a5331
recent_math,35,arxiv_2505_05324,generic,False,0,56,2,1a94b2ac6b3d7f92b96794ea9c5f40955cf59c0ff9eb8e2cec43eb1b31af3442
recent_math,36,arxiv_2505_05324,strategies,False,0,114,2,2f7aa703e112b433eadffc5a963e8dc06375ff7c42d721e85a827c79fabe25a5
recent_math,37,arxiv_2505_05324,strategies,True,2,43,1,11d74af69e74f32d5a07d8fd594b3fea7bcdb790a06e1b80fb2aabdca0a8bba4
recent_math,38,arxiv_2505_05324,strategies,True,3,1,1,ad4f02320a3d88769edb88ad2efdba45e43ccded746460ba305748d74924e0ea
recent_math,39,arxiv_2505_05324,strategies,False,0,102,2,4c46f862b44dbdab5264ce595e5ac7351b654ce041ec7277f49f2cb2832c37be
recent_math,40,arxiv_2505_05324,strategies,True,1,54,2,a18e255651e9dd8ab7ef0d7fe140ffe5eee17478097c814b2e17ed3f0238d13b
recent_math,41,arxiv_2507_21862,generic,True,1,129,1,321acbb944e084d4b1245516aa235301a510cb7ac1d86e689841e4598eb24dc4
recent_math,42,arxiv_2507_21862,generic,False,0,28,3,97c312488c26dff1e572b14c70d255972fe4faad008a462038ea994de3fc81c8
recent_math,43,arxiv_2507_21862,generic,False,0,6,1,9147e746b75250ea3d52f3066a871146a00de3fa5f4c28f98da39ae16a4ccf79
recent_math,44,arxiv_2507_21862,generic,True,3,104,1,6c7e0ab7ff1e7557b47cf9a2c18fdffe08de2219931fa52df712619c86a49a18
recent_math,45,arxiv_2507_21862,generic,False,0,47,1,1d27ec5d94aca231840c2b639d17f23955dc83c41e7a83165f1330b95b7dee6c
recent_math,46,arxiv_2507_21862,strategies,False,0,12,1,6cf66e6a300e91e07337b9a7190ff2c8d62e8b13c6d0784f140a2b3837f6cff6
recent_math,47,arxiv_2507_21862,strategies,True,3,23,1,428262b7c4c7fd852dff85723bb36ce84cfc9a2242dcc318dd46daa403d278ce
recent_math,48,arxiv_2507_21862,strategies,True,3,23,1,428262b7c4c7fd852dff85723bb36ce84cfc9a2242dcc318dd46daa403d278ce
recent_math,49,arxiv_2507_21862,strategies,False,0,14,2,43ed4481b0f998a20ea8a7f090e3d8a318e967b7b5f1e49b415449f70ae566d3
recent_math,50,arxiv_2507_21862,strategies,False,0,113,2,ca370da77cc3e84cdb9b095c78449c743bf4695e97f6b410ab64e7a750e2f15e
