dataset,candidate_index,proof_id,arm,mutation_sha256,logical_error_cluster,cluster_size,is_singleton
olympiad,1,2852,generic,4afc94a567f34052e6d4d512a5f572ba1116df1c4e2828291072fd3ad8a72a84,olympiad:L001,10,False
olympiad,2,2640,strategies,9ad8bb5b3433e7d84f0304cd97adc91bea64c604aac67ebc9505ac744a5a8f2b,olympiad:L002,2,False
olympiad,3,2710,strategies,7ca1fafe8eeb221eb3620bde448bd9b8fda10811de4577c26c5547655492fba2,olympiad:L003,3,False
olympiad,4,2754,generic,e8751885150e44e61efdc35e1d6c305207a4e269ab6dc6645c525592c08bda09,olympiad:L004,1,True
olympiad,5,2892,generic,aa6257702217e696bc327c69a32d192422ea344d3059a42524f078c817746649,olympiad:L005,4,False
olympiad,6,1883,strategies,d1056b3cbbb9aed60915d6785fc5b7f3623d4ab1332ebfa37f37e3b6ded5f718,olympiad:L006,2,False
olympiad,7,1716,generic,12c25c9b6d6d4414cc03629eb87c2daab2beb195acbf330ccab4c9a51b7938dd,olympiad:L007,1,True
olympiad,8,1694,strategies,c646415db192d5682ad4c632e84c715805dc7cd4211e6b7a8fb2cc943a0afc39,olympiad:L008,1,True
olympiad,9,2710,generic,41b7923a937b15fe1837609ccafedbca276f12ae4b18da97100a2c88675342a1,olympiad:L009,1,True
olympiad,10,2761,strategies,3784687094f0e163ad9cfd7e56f877a7a4f26a9889387a07f8319ca35acf724a,olympiad:L010,1,True
olympiad,11,3086,strategies,0d4785c0f7d13d540dbbeec0a845a7f5483a7437dce305ab9bc64ed45789a2a7,olympiad:L011,2,False
olympiad,12,2761,strategies,72c1a96403e2561925f5e39e3730bbde55d0714fe2b673c016041684e343c424,olympiad:L012,3,False
olympiad,13,1694,generic,e787b0169977e483771968bc6ef1cea9c6a22a5649146d589e92bdbe425176d8,olympiad:L013,1,True
olympiad,14,1832,generic,9ee208004445aa46eceef73f1ecb430be1e44be60bcc0b882edb380dcf8c6d3c,olympiad:L014,1,True
olympiad,15,1869,generic,56bdb974deaf80b036806c3f6eac8fd4046985ab774b2b2549e0a8e1b773a063,olympiad:L015,1,True
olympiad,16,2892,generic,d2e09cdc44a1d99a99a8ba288c9de6b5df845e3c5b6f0cfbba31e337b9012df4,olympiad:L005,4,False
olympiad,17,3086,generic,45122274974d0c0a287a3966596c8c0bc83a7612114317ea578fbd1e5a2e524e,olympiad:L016,1,True
olympiad,18,1694,generic,a2edc1bb170ebeb4fd4eb8139947158417928d71d94b319cee03f9b5f28bac80,olympiad:L017,1,True
olympiad,19,3086,strategies,89b4714244f96c9ed4c797316c699e8e72a2ea95afd18deb5773887f62d3a1d8,olympiad:L018,5,False
olympiad,20,1664,strategies,559326d93289a3bb17d2235c78f679294b9be17daba247e68252368f973e063d,olympiad:L019,1,True
olympiad,21,2910,generic,2f131dfe9fba2b1c58d186f19a2a12def27e8217b6aa044a9775c56b915757a2,olympiad:L020,1,True
olympiad,22,1694,generic,3329f8776eebc7fbc28ac46ec05feaf3ac7a648085be73f34bc360872bcb657e,olympiad:L021,1,True
olympiad,23,1929,strategies,47c57cb19ea4b40589e5b8827f6ff1737b1f04eda8b56b0c6e35ac2d7996d259,olympiad:L022,4,False
olympiad,24,1718,generic,b296d91176b5548d752d8624037eb351dd2b8826d3c54183be8b2140c4f9128e,olympiad:L023,1,True
olympiad,25,2126,strategies,1816e9f08e60810e92cc99288e0ad695d6f308780ba21f03b141a04c96c64e6b,olympiad:L024,1,True
olympiad,26,1716,strategies,00ae653270b4b114b4c573fc033cdaf38d2a1192b70d0901b3ca93b036db2ace,olympiad:L025,1,True
olympiad,27,1716,generic,ccc77069a986e9d5e80b58f0316576805e57f8507ff9d7d7928be3781796391f,olympiad:L026,1,True
olympiad,28,1664,strategies,0bf2b09af1215da5346d6b04e153c31a950d54878aa4cb54483beeaa2cd0d341,olympiad:L027,1,True
olympiad,29,2640,generic,5eda39b7b3151eaa5b671ddca9dca38d4fac6e7e71944c96eca7425b653c2e81,olympiad:L028,1,True
olympiad,30,2761,strategies,9b8a9fed93a1be715e01ad3b61c549275f118eea29be884dc18e0864fa88604a,olympiad:L012,3,False
olympiad,31,2640,generic,3b90012da870911563938f122efe7cfcef9b50527a9cc54e712ee4443000da2a,olympiad:L029,1,True
olympiad,32,1694,strategies,b7b367c75c0617a838e51eade9d01408621014542ad3ee06dfa3239b2c81114f,olympiad:L030,1,True
olympiad,33,2754,strategies,12b2fb11106bd8aafc738da380ef7f356dc0803209622cca3f6a389381406e3a,olympiad:L031,1,True
olympiad,34,2892,strategies,dd7f1679b00518ccd0e04264829708bf539fbef0f0aa2722b8a3c02951f19290,olympiad:L032,1,True
olympiad,35,1929,generic,938c9d28e6174754a36f15264af6e38e78b333c88c06ce9f64073dca15eecbb8,olympiad:L033,1,True
olympiad,36,2640,strategies,75e9d2f1f54030ca839b18fd2519599dd05efd6f45e22ce4fca6b99b5f9d4a6f,olympiad:L002,2,False
olympiad,37,2084,strategies,bc6d20e5479680ac5ac13f8ad03aef2d6dd0c89cad2735e5e8767a9d3ecaf975,olympiad:L034,2,False
olympiad,38,1929,generic,e08855239a7ee33375e1003501f242217e82d8ec25b97db8e8fc641d8b60d2e9,olympiad:L022,4,False
olympiad,39,1664,generic,e0e6f5d850a2b4a6a84b45fb5638931420bd9b1f18032a78add79c2cb0ef5fbb,olympiad:L035,1,True
olympiad,40,2954,generic,02d9008a9bf53d2c05a5377068ecddf55f2d18c5f00f8eaeef98e916ab0b83c1,olympiad:L036,2,False
olympiad,41,1929,generic,83c6edfc6d4d96ce6951edd6f7e1aea9fe3b1892dc4aa9d6a8f75f264bc090bd,olympiad:L037,1,True
olympiad,42,1716,strategies,ac4d57af21a1ca89763337b14cab52e8f96bc3645a4ea842cb124d03f29eef6d,olympiad:L038,1,True
olympiad,43,2084,strategies,34dcea4bb383ab27a1f0ff6904685f39e89e97f4175799b213bb35fe796db2aa,olympiad:L039,1,True
olympiad,44,3086,generic,3e60b7e49600831a98c9e2f1c62c276a3f467562373244bf0c97cb95073bf454,olympiad:L018,5,False
olympiad,45,2892,generic,20c738b80b904434107bc3e0b783d59dd02590183fd3b5628bc778b0bea77355,olympiad:L040,1,True
olympiad,46,1694,strategies,0ffd817fc1922735d9f2f9ed968efd8b273cc9358476028f6d7f989aa90969d9,olympiad:L041,1,True
olympiad,47,1716,generic,8b28e26ba5ac514df8a35bcfd4dd92c6c0785603504702a1dc7c6325e982e273,olympiad:L042,1,True
olympiad,48,2710,generic,4977f6780470f0b96381fda4fe6447c2d658df7191e77b4bb2292be262096e21,olympiad:L043,1,True
olympiad,49,2761,generic,c4f89edc11e61dd5511a45b67cb964ac3bfbc56d8f9e18b568c23e87e65e1272,olympiad:L012,3,False
olympiad,50,2761,strategies,9ff50dc38fd85a28dd6b8b940b3f43d44f2cf3ba821dc36bde28bfe472058a44,olympiad:L044,1,True
olympiad,51,1664,generic,7ecdf7beff8b44d9580e354ae4f3c0a5c448e06f9ca037db895bcf923c701df9,olympiad:L045,1,True
olympiad,52,2852,generic,d747d788421255d9e013a4cf470c9676f9b0abcf8e75bce5ecb0102abd961696,olympiad:L001,10,False
olympiad,53,2640,generic,7a51a9f261e461e66414e35161232245e49b9df597e92903673d499bd7ee9099,olympiad:L046,1,True
olympiad,54,2761,generic,5ef41afe338b461a4e28212bd6fb9326d65b2e64daa568de82807e3eda36bbbc,olympiad:L047,4,False
olympiad,55,1718,strategies,5b241b66f07ba6fd7b84907ffb49deab0a88e796fb4196d6f2f13f0852f760eb,olympiad:L048,3,False
olympiad,56,1664,generic,19a9f7ea5a1742063efc59a64cb6b0eb1ce920c68b70de7acd5ed89718187d0d,olympiad:L049,2,False
olympiad,57,1718,strategies,869a0686bb1e227062f495a70a76f36ce888d77c78dfca92377245eb3f877cfe,olympiad:L048,3,False
olympiad,58,2910,generic,43a37f378a89a5c598cd473997b77b1510079eaa74f6f4c1fe5ac29609293b4e,olympiad:L050,1,True
olympiad,59,1716,generic,ca53fd7e89f1deb3be0a2f45403787337c1f93734a89adfa867a0dcca9e2290a,olympiad:L051,1,True
olympiad,60,2126,generic,562d94235cf53423b69c9f788b50b4281f0b1292af4f1eee5578d6d7aa9e2147,olympiad:L052,1,True
olympiad,61,1716,strategies,45f30510c39e711ffda600fd821bd9f3820154157937c217faa38308356f0f39,olympiad:L053,1,True
olympiad,62,2910,strategies,bc49df82b5cfb28ffb4414ee5d16e267709d83f62b9e8a90729fb4ec965e1dc7,olympiad:L054,1,True
olympiad,63,1832,strategies,bee88345b6d775ab94b53fdb5440bf4a859fbbce5f54491e85cd0f7d34fc8397,olympiad:L055,2,False
olympiad,64,2954,strategies,d00ac8c80c2c964e41d634e9d3c2561866bbfd892ffc6a3737a92866ebb93ec4,olympiad:L056,1,True
olympiad,65,2427,strategies,7d305d75499450e34c43c594cee9a763399916db2ca9507cadf323a48f9cddd2,olympiad:L057,2,False
olympiad,66,1718,strategies,fee70cc3e43dd2e9b20dba565ce67555fe0c05384ec47020bb0817f237a07f62,olympiad:L058,1,True
olympiad,67,1718,strategies,c5c18e78324e178cf6870c1b07c9aa96072942fb3d935c3cc948b358f3dd1476,olympiad:L059,1,True
olympiad,68,2710,strategies,01371f4229011833d46169f191c739b40bde83aa8b618b95d4780d987c26e951,olympiad:L060,1,True
olympiad,69,2126,strategies,df44b8a07e02645d75988bc2c9850e186d38b5e89c4c9318582dc1b9568824e3,olympiad:L061,1,True
olympiad,70,1929,generic,318323912e6091532c9bd0bcf5bcfe267c7679d2975f76c0ceb76260d12fbd1e,olympiad:L062,1,True
olympiad,71,2954,strategies,db706b0fcea049ebdf25c12c43f797f3a1ecbf2f396326fcff1af79be853b257,olympiad:L063,1,True
olympiad,72,2640,generic,b9e400edb63b2b30660c7ba864fe8de4487bb39c47ede3807ac678caff0ad645,olympiad:L064,1,True
olympiad,73,2754,strategies,257e17cbc18c09bff3bb3e03d2b0feae79a8df2c0b91632be303b312aa094ef3,olympiad:L065,4,False
olympiad,74,1832,strategies,ef6e1e2541796b157dd50e8c125315c9ff67babc34897143eeb473a38f0a47ec,olympiad:L066,5,False
olympiad,75,1883,generic,4adf36bcb810f671dc65c2e0f81825b51459b851bbad1d1f10640e056f55b338,olympiad:L067,4,False
olympiad,76,2427,strategies,ef9f589f32b38185651e86a9c37d1b320cd46b475c32cc0aec5bd33e41f1f7d2,olympiad:L068,2,False
olympiad,77,1869,generic,7b72afad3df80eb13c44fe648a77fd4f41a989c50477ab7deb675aed9237de4b,olympiad:L069,1,True
olympiad,78,2084,strategies,ea6cec5e487e853b9e0c1eb3e32dbc822e937a230fa5e412904d56cb6d30a3ae,olympiad:L070,1,True
olympiad,79,1664,strategies,4ff84bf23e960d0f7150c1d0b86ef30390afd2938a098b0361704a13de3c2a00,olympiad:L071,1,True
olympiad,80,2892,strategies,80ec77327b04f8ea7a3b5b0d6ca5520448a8978fc463d0cdb924fb67af0861c7,olympiad:L072,2,False
olympiad,81,1869,generic,a2051f6fb7cc88d8467ccf1a98a9ac3fdab2e3603b9e02f12f6c77691d27c6fd,olympiad:L073,4,False
olympiad,82,1694,generic,9108200c12031355cb02a22c129b75327d7233b2849a6ede84beee2d174031d1,olympiad:L074,1,True
olympiad,83,2126,strategies,dbd4c4e1b589012ddff8f952b8bb1ee6f524e4c925ae0fa0c88045a5cc2047ad,olympiad:L075,1,True
olympiad,84,2084,strategies,442bf740f09f6d66865a26b94bb72baf7cfc64a3e4bbb63be98caebdd38fb1b9,olympiad:L076,1,True
olympiad,85,1832,strategies,c209fa150b98a013e471f136787a5cf5ed3bff0d1eae1753eed8695690e3faaa,olympiad:L055,2,False
olympiad,86,2761,generic,2c3bc536da862b732f428c1d357db4fd1ad3a81ec25f8fed8443e00d13239969,olympiad:L047,4,False
olympiad,87,2084,generic,b5cbf7489975d754584a42b4bc10a866759a3f3bb21439b9fac8e8548819ee59,olympiad:L034,2,False
olympiad,88,1718,generic,f48fe7755216f2001cb26ae56a9a3ad270d28ad09a4d4f9e6678a26ff6119b97,olympiad:L048,3,False
olympiad,89,2910,strategies,13cd4c099fec3cab6bdcdf00771c3f649ae3d1e7212d3eefc918918845cf0363,olympiad:L077,1,True
olympiad,90,1664,strategies,c2b3e93ea40f325209db6a2b434d1ea3eaeb1fb11837a1f6ad02b71e3f6a9a8a,olympiad:L078,1,True
olympiad,91,2910,strategies,4a765bddae77972f1bfb3f95c07e17a526a201969b3ce577723f9785ccddae44,olympiad:L079,1,True
olympiad,92,1869,strategies,82e1d39911d5c61292182f3b2557b7484fdb7bacec663891e66a90bbffc46788,olympiad:L080,3,False
olympiad,93,1869,strategies,08de4541b576b939fe1d394d594fb1b72553be62017ef17000c277f86f2288fd,olympiad:L080,3,False
olympiad,94,1664,generic,aa3797ed0c4d84e5008882ad26f7a8fd2f3dba0a6805a13b4ce1c7b4197c307d,olympiad:L081,1,True
olympiad,95,2427,generic,3be4ee0dcf77389421229dac5cb42d12e862349d114a9f0614697c4c6873f53d,olympiad:L082,4,False
olympiad,96,2761,generic,f4c69c70fe3150cd560a0e54ee50b5c4deafa55ed13746d957e0bd910c782943,olympiad:L083,1,True
olympiad,97,2954,strategies,dd7846da6473022617ad5849c1f57d954c30a862e268f7d3881a24eeb78d40d2,olympiad:L036,2,False
olympiad,98,2084,strategies,ed553a1712c60c80fb3e6a09d5780c54df9186c7ee8e5cb52a48bf1fd5fbe6fd,olympiad:L084,1,True
olympiad,99,2754,strategies,318ee6603d6c9d2ffc7a455c047914df866c875b52fdc706eed3a65256bde056,olympiad:L085,3,False
olympiad,100,3086,strategies,b3b1a50ac0fda4e39c04fd1c7ae7f1f2245c82cbe1622f78f1386e2453f4c086,olympiad:L018,5,False
olympiad,101,2910,generic,362fa8eb669fea0f080313bde93609b8c20563c8a8a70675c037dbfe1d6c853f,olympiad:L086,5,False
olympiad,102,1664,generic,4ea74074f668ae8426226c104ff7ec3fdfe7996dd122efb03be4962ec0fb6108,olympiad:L049,2,False
olympiad,103,1883,strategies,137fc9eea9115e20913b6a10254fe7f48fb60fbbbb995389daa95a25ff720ef5,olympiad:L067,4,False
olympiad,104,2754,generic,b7633989c70be8a4da46f1f5f11a2e309e5c913bab01d3f28430d8636f120c99,olympiad:L085,3,False
olympiad,105,1832,strategies,71ae13bead3f20c99278526626ce4b31ad2f9dfb3b77e8c3816e242e960137b5,olympiad:L066,5,False
olympiad,106,3086,generic,ae2eefe3cffdb11ff10e5c7d975e43797e402343f6a7a07f6cebe24f57cc65fd,olympiad:L087,1,True
olympiad,107,2761,generic,2c3bc536da862b732f428c1d357db4fd1ad3a81ec25f8fed8443e00d13239969,olympiad:L047,4,False
olympiad,108,1869,strategies,b17faf29bbf77fd3a8e62b4904c57c316784911440eef88d7d8e88cfc0ebd0c8,olympiad:L073,4,False
olympiad,109,2710,strategies,9c7f655eba137da7a2d7fdb806dde14b8cba6216f87042b3ce0e48e9bfa52c33,olympiad:L003,3,False
olympiad,110,2126,generic,ec0e921ae15ded4f774fb44ffb4ffc77e0a72b6e997bd7e14cb45e466564845b,olympiad:L088,2,False
olympiad,111,1832,generic,29e3e1b7df88af07570c6bcb4bfff729ac2889be000e0eac745eaac1042eb462,olympiad:L066,5,False
olympiad,112,1929,strategies,33373bc0dae9618df33d89fa5a3b86e4af553e309d11ceaea9c55c996fb1a406,olympiad:L022,4,False
olympiad,113,1929,strategies,bc4ca8055772c40b4100f1c4727608212e0a7f566560b977c52edb56e6049e1d,olympiad:L089,1,True
olympiad,114,2427,strategies,73999e0d384bc6f3a508d624aa7730590cdf6512e9ace0dbf2861c9ad62a8cc6,olympiad:L082,4,False
olympiad,115,1869,generic,a62b5a24a941b7e3ae5f2ab0a2fe2d56eceace69a84babdd4f661fac4ccf6bde,olympiad:L090,1,True
olympiad,116,2954,generic,cfea256980c964663f949ab4834aab40c13e0b6f53181e92eb719d28b44e07b7,olympiad:L091,1,True
olympiad,117,2852,strategies,19ef267088441b87d7a21cc70da0ff544b63e845f22ff8212e5fd1067075b0bb,olympiad:L001,10,False
olympiad,118,2852,strategies,7970683c0c89e4039a6c5954eedca0ce1239337663abf56be615db7d5e9e7c11,olympiad:L001,10,False
olympiad,119,2910,generic,e21bec8e014afb216aa7cc3d939b2e66c001d1000c65848feb69c51ce2ec7fff,olympiad:L086,5,False
olympiad,120,2954,generic,cb0473b595986e19636e24f28b8405ead0921199849826666a3c5ff7f9c31abc,olympiad:L092,4,False
olympiad,121,2852,generic,2ac5a5f305fca46142a88e714a1ad7497f034de0bd37474616719c6118c56896,olympiad:L001,10,False
olympiad,122,1869,strategies,8d81df926443703eecb9dbe2a7f0b692027a974746ca8d724b4d618be3074248,olympiad:L080,3,False
olympiad,123,2126,generic,bae0867d633b1b79d8d760efb72343a8fa9934fb3dce66cb0ded7cb0d42cd8a6,olympiad:L093,1,True
olympiad,124,2084,generic,d1ff2a67115272d66ad5d1ef3b304125003efad7ffff5dc34238dda15f2735c6,olympiad:L094,1,True
olympiad,125,2852,generic,92d3afe00cfab13c444372ffa1ccee1eaebccde2109a0b397133449f38e0963b,olympiad:L001,10,False
olympiad,126,1883,generic,e742e040036f10b0dbab204d63cfcbaa98aeed1f682c7bc363f1ad0baf5efc0b,olympiad:L095,1,True
olympiad,127,1883,generic,4adf36bcb810f671dc65c2e0f81825b51459b851bbad1d1f10640e056f55b338,olympiad:L067,4,False
olympiad,128,1718,strategies,ed0083df5b5bbbfc7475f74db4b632be32d2d8a1c0b23589836eb9674b073008,olympiad:L096,1,True
olympiad,129,1832,strategies,3f6e5d5f500fa9805f7261db3ff00e4fe9b47a9c0050092012e2b5b80f737848,olympiad:L066,5,False
olympiad,130,2084,generic,3add783aaba4f7ff2dfb47383650a00631b5aec80affd3ee76200b9f438659e4,olympiad:L097,1,True
olympiad,131,2427,strategies,b6fcdc6cb4678e05f47f25bdb7b9f768d6f0ada83eab6fcc16522bc0884b56ae,olympiad:L068,2,False
olympiad,132,1929,generic,12ee85f40951e639973e2346511ad7a2010436f45aa950874526f60a7bb9718a,olympiad:L022,4,False
olympiad,133,2852,generic,5844630165eef42cea6fa456e956b0aa4813c63adcee2101c4c130d57efd13d8,olympiad:L001,10,False
olympiad,134,2427,strategies,4c19134ea5839488fe7b8f17303f62bed768b95ed142bd4982e10c2b2d4c1497,olympiad:L098,1,True
olympiad,135,2710,generic,5603270cdcab85de19c57b7869570ed83f0587469619feb2cc2875c1e0cb9ab4,olympiad:L099,1,True
olympiad,136,1832,generic,b6e03cb57229ec9f032fc009c26583a9ba129009e25db56cf89be06f1c1dfc5f,olympiad:L066,5,False
olympiad,137,2754,strategies,9aa31d58b51ca61e20802902387092801693b6484210b67843adb949d52255b0,olympiad:L085,3,False
olympiad,138,1883,generic,81fd9ce0ec8a8958a580a9fe66ff7c9eb00e660dfdc4dfc7a885f8bf409846e0,olympiad:L100,1,True
olympiad,139,2852,strategies,c6ca716f7310490696d93fc4f28cc9096ec909533426d844aa697ca92997c61c,olympiad:L001,10,False
olympiad,140,2754,generic,f6bc32eb442563c8370d9833d98878741a04e902dd7f823730eb59e71f456327,olympiad:L065,4,False
olympiad,141,2084,generic,1e0a1ae42bc09f676d05118dc28eb9ef44e5552f0fae2e6327ce4bed0fb342d5,olympiad:L101,2,False
olympiad,142,1718,generic,d36ad9490ff26afdbc22bf7b8ac6020bd9bf00573e2ec2062a477359b99ca2a8,olympiad:L102,1,True
olympiad,143,1832,generic,bcb364d893982295473102cd3cd8410ac776fc07203bfd1972b23f5ee898898b,olympiad:L103,1,True
olympiad,144,2126,strategies,79c0985eac5ee59384384c6cf276e9a16374d7a0a21e480f573eccdd87d6dc5c,olympiad:L104,1,True
olympiad,145,1869,generic,bdba130a60b7876ece856b2aa7e7ce9cb9428da2be05cecc6d64eb559ea0348f,olympiad:L073,4,False
olympiad,146,1883,strategies,ddce2f379d37553a5fa4cbd184b3e9b98870904a586796b7e7f488220725e64a,olympiad:L105,1,True
olympiad,147,2892,strategies,262a31c106aa60198c1675da772434b4f6d2644b7c9576bb9700fba33d1f2b6b,olympiad:L072,2,False
olympiad,148,2954,generic,1ebae945a5cd94cb8b1e8419e103e4e57fe1bed9ad55b399c8d4e5f66d1eb5b1,olympiad:L092,4,False
olympiad,149,2910,generic,8e16618c02bf0de49d401a3ab49cb461e264154fb6f894d9ec4908a24d7bc0e8,olympiad:L086,5,False
olympiad,150,2084,generic,d6cc257fb49440e9aec32c5a856b0cd6322b5e50af059f9b0b890a839ee690c6,olympiad:L101,2,False
olympiad,151,2892,generic,6ab9f7d9c229e2efb5fc3859920b7d358fff31ac2e5956697e96c0a32fe70739,olympiad:L005,4,False
olympiad,152,1716,strategies,3438554903061854bf427ad31bba56f2f119619d641cf0a0afc2bfc7086bbad2,olympiad:L106,2,False
olympiad,153,1832,generic,7e2bf7c13a49661e30c06b47330747d23c41b7a567f45fa3f6297a6fd8aa34a8,olympiad:L107,1,True
olympiad,154,2427,generic,912116ee0bf562f3b3a18f2999883a0c769de73fd4d99dde3c6597cc67c1ee4e,olympiad:L108,1,True
olympiad,155,1883,generic,ced7db1c83e1b483a79cda9e36e9601ee6349b28fb6411c0d1bf91df005eedfa,olympiad:L006,2,False
olympiad,156,2954,generic,6f85d8a181ef28caac7b5a3ccd411035d84a0f7b5cd3bf134063242a483b667d,olympiad:L092,4,False
olympiad,157,2640,generic,ae5153de8a76bc2c4ec7e6f679fd865249ee68a78c351448a06ff2d096f1c84f,olympiad:L109,1,True
olympiad,158,2910,strategies,c5e668e610efd9df072dbe3728037e081a6747d46c585d490e2437678d235f63,olympiad:L086,5,False
olympiad,159,1883,strategies,4720c865bb4b61d9a8aa940d5f4b697287e44cfccd49703001efe60821a1c4fd,olympiad:L110,1,True
olympiad,160,2852,strategies,621f098242f93ec2929722d751cffc5bdc26f050536f73d47dfe50d419a60a7e,olympiad:L001,10,False
olympiad,161,2427,generic,291899c85fa5c8fffd6f1ffd9e192ace70cc68faaf2d3f5f2fdd4569b2956c8e,olympiad:L082,4,False
olympiad,162,2761,strategies,5486937d9c637a6b9442c3ab44c702c91725c54f8343d8ce748cc156bbc6a21c,olympiad:L047,4,False
olympiad,163,3086,generic,af5e43df5bbadf3c9b5d3263e68d10d923b4bb25cc08fcd4a61dd2b2b2f87cf2,olympiad:L111,1,True
olympiad,164,3086,strategies,d3a6cc680e11fcd70a09807b678a97ecd62690b197405b9656c9fcb771932c2f,olympiad:L018,5,False
olympiad,165,1929,strategies,e16621fe8dbca5c20b6ede6375593abe28436395c3e5d1e42b6a989124ec4853,olympiad:L112,1,True
olympiad,166,2954,strategies,74c2354a8cec7d746e7361c16e0c3de3766787c3bee88592446744bc1da83a10,olympiad:L113,1,True
olympiad,167,2910,strategies,a0e17c6d843cd199b0c477e3ea28119e7ef93f3e32569b1908005d95ce58b7b5,olympiad:L086,5,False
olympiad,168,2126,generic,528217c8d50204c2736182942f5d2dc41fa3bd1461bf3363d9a63421db05f581,olympiad:L088,2,False
olympiad,169,3086,generic,afdde05e110e3701c9ebf9c8ec397776c09ef7a1c426a8b20bd6d94c1a938eaf,olympiad:L011,2,False
olympiad,170,1869,strategies,6fa0b6218c8b201c051d3a681dc828cf8ed01b85e266ca73608e9a1871c1e93d,olympiad:L073,4,False
olympiad,171,2852,strategies,6e762e1f841cbfef1b914cfa38a322173ce82ed90cbefb5be230e3df707f20c6,olympiad:L001,10,False
olympiad,172,2892,generic,1fe35473ad5bf00e9919270941f1d1637fa1a91c780bf9d38dbec2ce9e363480,olympiad:L005,4,False
olympiad,173,1718,generic,a000b734ac532f64336c73b9e61c34f9f13972c3d01804538c50ea1e1fdd0525,olympiad:L114,1,True
olympiad,174,1664,strategies,f573632bf3dd8deefad140aa8e454f96617b0f513330ff076231c8b23c07a881,olympiad:L115,1,True
olympiad,175,2754,generic,9a02369d54db101a2625c8c6c47328fd3cb2ba4d148a479d23dc64144f1b5265,olympiad:L116,1,True
olympiad,176,2710,strategies,cf3047d1dccf511bc489cb6d0a8c6b1839afeeb4211c2e53cdf5f703eede3ccf,olympiad:L117,1,True
olympiad,177,2640,strategies,fb6028bd150712e0ec9c45df3d64f57b13c724a2414fa6a572d17527a43111a5,olympiad:L118,1,True
olympiad,178,2710,generic,788d56c0e394f450cf0cf91389a978bfec9c106f2bd2ba58a118fb54eeb6fab4,olympiad:L119,1,True
olympiad,179,2754,strategies,cc6ab4c80bdf53dffdeab43e1e93cdbfbe7762e461199c1bca2cf4d6b48fedce,olympiad:L065,4,False
olympiad,180,2640,strategies,522052fab260206ec8051f8e9486e005f5fa4f6722775869ddb7d141a0a0a467,olympiad:L120,1,True
olympiad,181,2640,strategies,e3157749110e5baa870679bce2b2979923ab373395d7c1524da9c183feee4224,olympiad:L121,1,True
olympiad,182,2427,generic,61e229bf262744bbbe94900e0c3d6efd915dfb7a4ec3183f9349db8f8c761105,olympiad:L057,2,False
olympiad,183,2892,strategies,92c2f0506f8973148ee168560a0d2201d7697b2623afff2e2ec28dc94a76bf5e,olympiad:L122,1,True
olympiad,184,1716,generic,227a1c927668846a1fd2b6a5ee28b171962f50264c7658fb8f0c7875fefdcfa2,olympiad:L123,1,True
olympiad,185,2954,strategies,b69fc2d1d316274ed9b32e536ffee0c5a5749a8eb2d69f4ce5384322e56c8315,olympiad:L092,4,False
olympiad,186,2754,generic,c9c6e99dfa650fd243f06c9adb01f3afc405ecde6306b5bbf7e3fa84f8136493,olympiad:L065,4,False
olympiad,187,2892,strategies,287cf03c38bc8005ac54b01b9a9e32f69ecf76194e6c696e9bc75670e011a514,olympiad:L124,1,True
olympiad,188,3086,strategies,08b21d720eda248d021d73f6478e0f8faa3b608b8ddc0c6954ce0a09b5eba4e9,olympiad:L018,5,False
olympiad,189,2126,generic,bc26e326b7aa3dee788a70f356dbddd163f0f53c781963bd99c1b6081295f8e1,olympiad:L125,1,True
olympiad,190,2710,generic,5eaf7e0ebca7529e2f89f4f74f4da943393b0bf335f7818d02e0985d0636b00f,olympiad:L126,1,True
olympiad,191,1694,generic,06cfb38187094733819f57775d8c9e3baf6197508e0b66cb5e0d691fdb49aa3f,olympiad:L127,1,True
olympiad,192,2427,generic,3be4ee0dcf77389421229dac5cb42d12e862349d114a9f0614697c4c6873f53d,olympiad:L082,4,False
olympiad,193,1883,strategies,f6b0c2ec7ed7a6153360941591eb47de72efa1eff140852c0f143bd33aea4287,olympiad:L067,4,False
olympiad,194,2710,strategies,cbe2ecf24a4f34beff8fd3ca978457eaf3826817e021bc7cfdfbef8605ce1dca,olympiad:L003,3,False
olympiad,195,1694,strategies,5ef9addd82dc3776baa0c4f7b7d4b5425d08153490c6d919ef6f9ef241215884,olympiad:L128,1,True
olympiad,196,1694,strategies,c95d18931c7ee7944b8794cfa2b453265f01c4911d859524bc2ef3a4da0c9f5e,olympiad:L129,1,True
olympiad,197,2126,strategies,5576b71ec68934dfd2ba374a4b67e5de0133328c2cae20ff289a62fcd41f4b39,olympiad:L130,1,True
olympiad,198,1716,strategies,fac23ea27b0d56e728b7ce4315b5217ea44cd3419ce4c448cef2a66b26763a81,olympiad:L106,2,False
olympiad,199,1929,strategies,db3d6fa2a966ee2e45a769b5ec51056ae44fc8c8f640c5f5594d41652819e1f5,olympiad:L131,1,True
olympiad,200,1718,generic,f701c67f62bc5e27cde1cf1f350e1f9f42642d982a60e0776a96281edf836f0c,olympiad:L132,1,True
graduate_course,1,analysis_measures_integration_hilbert,strategies,064325f01480e03c5277869db62d2aaca27a7201a8a1db90e7a749dca15174e0,graduate_course:L001,1,True
graduate_course,2,analysis_differential_operators_wavefront_spectral,strategies,d487c105a4ff7637fe91add312df16f42263c0bf22a3cb37c79f4a899cd3879f,graduate_course:L002,1,True
graduate_course,3,topology_homological_algebra_kunneth,generic,333fcb36235e94a9bf530e47413625d95fb6a138a87f1f1d3b3d137aaaab1250,graduate_course:L003,1,True
graduate_course,4,nt_dedekind_domains_etale_algebras,generic,05cee308ddfe13e0cb883f9efa099dca941545c3a2fb694497847a0cc322cf77,graduate_course:L004,1,True
graduate_course,5,nt_global_fields_geometry_numbers,generic,1e55327e0662cee6ed5080abeb12ffee81d0626b19004ddebe7ca8d2a91eb9e5,graduate_course:L005,2,False
graduate_course,6,topology_relative_homology_excision,generic,f6791aa93ca23c7db2562f8c0e9587465307563e41ce7e91dd03e11e586a77fb,graduate_course:L006,1,True
graduate_course,7,analysis_measures_integration_hilbert,strategies,cb95496f3f429cb88063ee4fe986371e12d3f0b0e38ddecaeb9fd663f22141c4,graduate_course:L007,1,True
graduate_course,8,analysis_measures_integration_hilbert,generic,9ca6f7f631ff5e648e1411db67b54ab35c68d5261b0f33a84cebfdab363c3c53,graduate_course:L008,1,True
graduate_course,9,nt_local_fields_hensel_complete_dvrs,generic,0accdf8f1260d2e9d79ab2cd7beefd9fbddbd1f5f6d43553af902c60932489fa,graduate_course:L009,3,False
graduate_course,10,nt_local_fields_hensel_complete_dvrs,strategies,b30cf7d84d2f7cab9b8eda3cfde9f6adefe08eb8768ee096f945ccc470c849ba,graduate_course:L010,1,True
graduate_course,11,topology_relative_homology_excision,generic,bada1f6757fc401b2891e422873500ad182dc9ef7722c02ab202a3ce86bf3ca2,graduate_course:L011,3,False
graduate_course,12,analysis_measures_integration_hilbert,strategies,63cf52bdc0b5515f05b9e25b6bb0185067910d38db15b8e2348a8921b9c39950,graduate_course:L012,1,True
graduate_course,13,nt_local_fields_hensel_complete_dvrs,generic,7d4fec866b0a4411a5e347a3bb2e58b24bd5ff6cf2cee45cbef5de2f776ddcec,graduate_course:L009,3,False
graduate_course,14,nt_local_fields_hensel_complete_dvrs,generic,0accdf8f1260d2e9d79ab2cd7beefd9fbddbd1f5f6d43553af902c60932489fa,graduate_course:L009,3,False
graduate_course,15,nt_ideal_norms_dedekind_kummer,generic,33f62b3990f2c5659b61a7ea4bb8adf16f0e37cba47a451afb02fb65e7e8a601,graduate_course:L013,1,True
graduate_course,16,analysis_differential_operators_wavefront_spectral,strategies,dd21b3c25404ed139e584865981b79df895d93f2c379978ce2ecc6e56553afee,graduate_course:L014,1,True
graduate_course,17,nt_global_fields_geometry_numbers,generic,b0f07542d6ee3fa75b13d9be8f9a15d57d8599e33edab4c9901a580acb8ef182,graduate_course:L015,1,True
graduate_course,18,nt_dedekind_domains_etale_algebras,generic,06ce67f2f7297aab41ce3baead22c3db615a4e54e35b0be93ac9538653cf7a9f,graduate_course:L016,1,True
graduate_course,19,topology_homological_algebra_kunneth,strategies,41bb54c0af5e3bbda44be37bef023af0c06f469992b7c84d23b44a57c532bdfe,graduate_course:L017,2,False
graduate_course,20,nt_local_fields_hensel_complete_dvrs,generic,23f14808159a2e3217fdf5cc3c0e04e49f93a5be3205a83e913f0dfaf40359aa,graduate_course:L018,1,True
graduate_course,21,nt_local_fields_hensel_complete_dvrs,strategies,7ac4ca99c14543fab791c7451c159aa25d4b60e51b3eab0eddaafb1987a947a1,graduate_course:L019,2,False
graduate_course,22,nt_dedekind_domains_etale_algebras,strategies,612f3ab7e9449484c7c25365fd71a50726cef3edb40cc06671c490399ee2f783,graduate_course:L020,1,True
graduate_course,23,geometry_fredholm_smale_transversality,strategies,464ca6b4dd8d6ac9978bf2635ef2d24a0efa7685d2d89e458f981a1e313c0eff,graduate_course:L021,1,True
graduate_course,24,nt_global_fields_geometry_numbers,strategies,9b6d9c26698154daa2b4f6593a18196d644809a2d3ebc531f13072f095ed7ac3,graduate_course:L022,1,True
graduate_course,25,analysis_differential_operators_wavefront_spectral,generic,79b39033c35720a0f37d998457038620a7b345052c4962474611e9963d56abed,graduate_course:L023,1,True
graduate_course,26,analysis_measures_integration_hilbert,generic,78152f429221d562254d9cb1acda3409c83b046dc277d6a922468ab3f2c15ade,graduate_course:L024,1,True
graduate_course,27,nt_ideal_norms_dedekind_kummer,strategies,4c39076f13a661cf450dff00423790968946fa19e430b2f09ba714959c38ea38,graduate_course:L025,1,True
graduate_course,28,topology_homological_algebra_kunneth,strategies,4c178cbf0e2b70d3f2c9b50a17a5d0c5f3124854afc6688e04ebc33a2303dc59,graduate_course:L026,3,False
graduate_course,29,analysis_measures_integration_hilbert,generic,3d8e9b6d941aaba73ee672a65bfaa6d6c5d4fb85c82d9e91351983aecac83bdc,graduate_course:L027,2,False
graduate_course,30,analysis_convergence_lp,strategies,c254f8b75eba04689e582283fdd2758ec55e6e78f63f2a0189e358372407183e,graduate_course:L028,1,True
graduate_course,31,nt_dedekind_domains_etale_algebras,strategies,aba9f2c75a7e96b7100cc5d22e5aedc99466ebff2eb3b996acf2323f9e8acc23,graduate_course:L029,1,True
graduate_course,32,analysis_convergence_lp,strategies,d581da4d2272207c4ce204f2e7850eb52d385cf593098bdb004c8bae81ba04bd,graduate_course:L030,3,False
graduate_course,33,geometry_fredholm_smale_transversality,strategies,214e29857b606c346737c58a9c10380470f5a8fe110a669efa4a48be1c0f3c67,graduate_course:L031,1,True
graduate_course,34,topology_homological_algebra_kunneth,generic,4c178cbf0e2b70d3f2c9b50a17a5d0c5f3124854afc6688e04ebc33a2303dc59,graduate_course:L026,3,False
graduate_course,35,nt_dedekind_domains_etale_algebras,strategies,e6885db8aea7dd936b9fd19c797661b64155f90ce26b522cee891524e7718400,graduate_course:L032,1,True
graduate_course,36,geometry_fredholm_smale_transversality,generic,f5c571096d900dc9f98ffe16b164f5c387f875bf3b57da669297f282ce07d932,graduate_course:L033,4,False
graduate_course,37,nt_local_fields_hensel_complete_dvrs,strategies,d299cb07b527680ce08a2fda2c4930664f5006d1941b89a367559a912b57300b,graduate_course:L034,2,False
graduate_course,38,analysis_differential_operators_wavefront_spectral,strategies,9cdac481b807bf22b2ed22ae292c72f5548142523159bb6cbf525b7c1e9a1c08,graduate_course:L035,1,True
graduate_course,39,nt_ideal_norms_dedekind_kummer,strategies,8945b59547e263a49c2625c7c693beb6448795ef76e76d1215e20848297977b7,graduate_course:L036,3,False
graduate_course,40,geometry_fredholm_smale_transversality,strategies,b7af46c13e26917aed0a89937e97991a85a059f3e44172deea56dfe879dc85b2,graduate_course:L037,1,True
graduate_course,41,nt_global_fields_geometry_numbers,strategies,820283e052d1605d5179e06bc85aaedb9751b2117fcfe734bca74df272f24d8f,graduate_course:L038,3,False
graduate_course,42,nt_ideal_norms_dedekind_kummer,strategies,3d3a3672c1255a1dbde6bcdd7ddec04a003d7fe2fdd3d3a85fbc68473210e1b8,graduate_course:L039,1,True
graduate_course,43,nt_ideal_norms_dedekind_kummer,generic,bbd9124e0edabbe5709a066cbfee3017714e1bcea04b26f1c07142dd7ced9543,graduate_course:L040,1,True
graduate_course,44,topology_homological_algebra_kunneth,strategies,b995d18ba8b83eb2a693a2082d81e30c2749677bfcf0d344efcd99e88f7afc00,graduate_course:L026,3,False
graduate_course,45,topology_homological_algebra_kunneth,strategies,514c1462b17f17930a2fb7829e00319ca994c4887bda84ef3574fb2833076683,graduate_course:L041,4,False
graduate_course,46,nt_global_fields_geometry_numbers,strategies,5a97f108aa73a248ca80e689013faa699fa461093c27589aa99a499441f7e669,graduate_course:L038,3,False
graduate_course,47,analysis_differential_operators_wavefront_spectral,generic,88fba4cf45835f5f99360a83816c518b5e03a86ee82642eca8b4f74ebc7205cd,graduate_course:L042,1,True
graduate_course,48,nt_global_fields_geometry_numbers,generic,4c57ff6f0b00608013e2e6f13efadfba87b7074d5c72f558146076f395fdf858,graduate_course:L005,2,False
graduate_course,49,analysis_convergence_lp,generic,ad474e66d5b8af1720d57b185e047539ca01aab12a0d76d9b238ae26d078694e,graduate_course:L043,1,True
graduate_course,50,topology_relative_homology_excision,strategies,dad00100e0d110b62544ea800d45d9bf62798ca532810d973cae56766d9aeda3,graduate_course:L044,1,True
graduate_course,51,analysis_convergence_lp,generic,d0e899f38d0863a339d5d7ded5e38cc926c69dfb989587ea863a055cdda4e915,graduate_course:L045,1,True
graduate_course,52,nt_ideal_norms_dedekind_kummer,generic,99cbb237eb1b2dc5f5befb027bcf870aed0d82c0d2104d30b9c7c1673db41d4a,graduate_course:L036,3,False
graduate_course,53,geometry_fredholm_smale_transversality,generic,6645624621540c3cfbead8941579f27716d1f27ef0622f43b0de49882545d03e,graduate_course:L046,2,False
graduate_course,55,nt_dedekind_domains_etale_algebras,strategies,ec10d1f84e74abfc5fa466d0c84dde4362660baadf4e05c6ee39df0747fd1c8c,graduate_course:L047,1,True
graduate_course,56,nt_ideal_norms_dedekind_kummer,strategies,17ad801f4d99cf114815fbf90be6a470b3fa535141fb30661bc5d2d030e33970,graduate_course:L048,1,True
graduate_course,57,analysis_measures_integration_hilbert,strategies,b4571d4f3cdbf4c7ddc8d34cccbe6501ff1fd252fc8f01eea2475ed1b9650c97,graduate_course:L027,2,False
graduate_course,58,topology_relative_homology_excision,strategies,bada1f6757fc401b2891e422873500ad182dc9ef7722c02ab202a3ce86bf3ca2,graduate_course:L011,3,False
graduate_course,59,topology_relative_homology_excision,strategies,7485c2fb2666d317163d5bd6d9a1ed59a48bf3af76a4511793c1b2b89ac31021,graduate_course:L049,1,True
graduate_course,60,analysis_measures_integration_hilbert,strategies,5b5af2acea1ed3a945ce01e0439be5afc96994a165ec87160a61c824b76198cc,graduate_course:L050,1,True
graduate_course,61,topology_relative_homology_excision,generic,bada1f6757fc401b2891e422873500ad182dc9ef7722c02ab202a3ce86bf3ca2,graduate_course:L011,3,False
graduate_course,62,analysis_differential_operators_wavefront_spectral,generic,6f1ca17c8a82342db98e79a9e83cabc62481e86b9f274a14e2c83e9ca492ad6e,graduate_course:L051,1,True
graduate_course,63,analysis_measures_integration_hilbert,generic,e6bff154cc7c0ed231863023a8cf64888b48ab26eed3c248527fc6dc5d89b0b0,graduate_course:L052,1,True
graduate_course,64,topology_relative_homology_excision,strategies,f4bf41251d10f42547a34cbc966653330c5d3e51ed5e4de35467944ac388144d,graduate_course:L053,2,False
graduate_course,65,nt_global_fields_geometry_numbers,strategies,d653966c4608e99b0398c1df015f2ba76b604e6915883a8778c8f067fce3cbd6,graduate_course:L038,3,False
graduate_course,66,nt_ideal_norms_dedekind_kummer,generic,8d9f5e378aa007d86dddd08d36d8c9165a60c4dca1de2d53045f926c1ac565e3,graduate_course:L054,2,False
graduate_course,67,nt_global_fields_geometry_numbers,generic,24ec8cadd59b3cdc4dadf2e5b2223e900f3b241661cf63ca73f3eaa3eec21944,graduate_course:L055,2,False
graduate_course,68,nt_ideal_norms_dedekind_kummer,strategies,eb57fde64b383802b5c407d51d6e98abc499d172f4ce5ac9e9a3c87798763c5e,graduate_course:L036,3,False
graduate_course,69,geometry_fredholm_smale_transversality,generic,f5c571096d900dc9f98ffe16b164f5c387f875bf3b57da669297f282ce07d932,graduate_course:L033,4,False
graduate_course,70,topology_homological_algebra_kunneth,generic,514c1462b17f17930a2fb7829e00319ca994c4887bda84ef3574fb2833076683,graduate_course:L041,4,False
graduate_course,71,analysis_differential_operators_wavefront_spectral,strategies,e309497efe4d9398f5c7a896b9f3d19ef0cfac15ee0750ebe3fd9f5607002ef9,graduate_course:L056,1,True
graduate_course,72,analysis_convergence_lp,strategies,d10aae2eb55122794918da197f81bffa2fdbbd61222918c528972f4d2344f0b8,graduate_course:L057,1,True
graduate_course,73,topology_relative_homology_excision,strategies,fe77aff5cc9241fac8d9e7fbbfc393a7182cae915d6bca75b265153afed12c96,graduate_course:L058,1,True
graduate_course,74,nt_local_fields_hensel_complete_dvrs,generic,f9cadc71a2b67cdca9eb773e4358d4bfd9414d754e85fec459bd750d41b93ccb,graduate_course:L019,2,False
graduate_course,76,analysis_convergence_lp,generic,2c6b41aa929dfbe2776c45d467928757605d9585c36afe255ce91b2d7190f0b7,graduate_course:L059,2,False
graduate_course,77,geometry_fredholm_smale_transversality,strategies,7d58f7eac5492d25d7730f83594965a6667dc19917de83c6a58edde4aeaa917c,graduate_course:L046,2,False
graduate_course,78,topology_relative_homology_excision,generic,f4bf41251d10f42547a34cbc966653330c5d3e51ed5e4de35467944ac388144d,graduate_course:L053,2,False
graduate_course,79,geometry_fredholm_smale_transversality,generic,f5c571096d900dc9f98ffe16b164f5c387f875bf3b57da669297f282ce07d932,graduate_course:L033,4,False
graduate_course,80,nt_local_fields_hensel_complete_dvrs,strategies,7a3171bf37a6b505e18795589bd643916144158a9723b8bbaf52d801897722e3,graduate_course:L060,1,True
graduate_course,81,analysis_convergence_lp,generic,affc4dceb0c207d32c5df5013c7fd66b286652e3192a769ff336a300ea9374c0,graduate_course:L030,3,False
graduate_course,82,topology_homological_algebra_kunneth,generic,de557d53c5b6e8bd693e7fc7e07790c4dd79ce16b33ca5eb5ac0e52dfed7e701,graduate_course:L017,2,False
graduate_course,83,nt_ideal_norms_dedekind_kummer,generic,da994b5385360bb0e9727ed04b43c489cda4ebf22880617f116e295f5b7df2a0,graduate_course:L054,2,False
graduate_course,84,analysis_differential_operators_wavefront_spectral,generic,c3da7426d720f6b6ec2b73cb72bae5b675148838f01563a47daf5ea79d6fab97,graduate_course:L061,1,True
graduate_course,85,nt_dedekind_domains_etale_algebras,strategies,4d689d9ff86d9d08ab848432524fdb62bf572c0da88e0af2c99379f4683f1340,graduate_course:L062,1,True
graduate_course,86,topology_relative_homology_excision,generic,2595b2a260008ea2881840aabc0fb580b073a00947b8086111555f9bd9109072,graduate_course:L063,1,True
graduate_course,87,topology_homological_algebra_kunneth,strategies,e19dab6bd2bfe6c31bb5052d725ce777e44e4e80d527911d3cebc0fc68668a96,graduate_course:L041,4,False
graduate_course,88,geometry_fredholm_smale_transversality,generic,f5c571096d900dc9f98ffe16b164f5c387f875bf3b57da669297f282ce07d932,graduate_course:L033,4,False
graduate_course,89,analysis_differential_operators_wavefront_spectral,strategies,48215c3a42c5d5ff71181baa96b4c25c1e47e9b2dbe91d40a618c74cc3c5f21a,graduate_course:L064,1,True
graduate_course,90,nt_dedekind_domains_etale_algebras,generic,ff90fa46535e9f15c4751b8c58cdceac8fc48d69992e4ec451517c951b1e1c58,graduate_course:L065,1,True
graduate_course,91,topology_homological_algebra_kunneth,generic,514c1462b17f17930a2fb7829e00319ca994c4887bda84ef3574fb2833076683,graduate_course:L041,4,False
graduate_course,92,nt_dedekind_domains_etale_algebras,generic,a0ef2df991bd4ac21b9044169cd5754a9dbffc3266df1d8324c301f68a7df85b,graduate_course:L066,1,True
graduate_course,93,nt_local_fields_hensel_complete_dvrs,strategies,d299cb07b527680ce08a2fda2c4930664f5006d1941b89a367559a912b57300b,graduate_course:L034,2,False
graduate_course,94,analysis_differential_operators_wavefront_spectral,generic,ab1e40ef02e14b813a61a98cd46f2f801fe347cb4cf5786a657762454604241b,graduate_course:L067,1,True
graduate_course,95,analysis_measures_integration_hilbert,generic,7a8e68657f72460e5904f83847e8c807399d159472c746217ba22501f391b4f7,graduate_course:L068,1,True
graduate_course,96,geometry_fredholm_smale_transversality,strategies,0623f90c183e731d0dc8be89ea7c257120d1d6fb5a86bf598317df33e450d0d7,graduate_course:L069,1,True
graduate_course,97,analysis_convergence_lp,strategies,2c6b41aa929dfbe2776c45d467928757605d9585c36afe255ce91b2d7190f0b7,graduate_course:L059,2,False
graduate_course,98,nt_global_fields_geometry_numbers,strategies,fa0a23f9d68e1728c5e04d31bc2d634d18edf009070812b8ad3e285a60ae89b5,graduate_course:L070,1,True
graduate_course,99,nt_global_fields_geometry_numbers,generic,24ec8cadd59b3cdc4dadf2e5b2223e900f3b241661cf63ca73f3eaa3eec21944,graduate_course:L055,2,False
graduate_course,100,analysis_convergence_lp,generic,d581da4d2272207c4ce204f2e7850eb52d385cf593098bdb004c8bae81ba04bd,graduate_course:L030,3,False
tcs_open_problems,1,05_arithmetic_circuit_complexity,generic,459fcde93a7961645d671d6f2cbdf39003d992f00d1b6b96e4e23406c47d990d,tcs_open_problems:L001,3,False
tcs_open_problems,2,05_arithmetic_circuit_complexity,strategies,ab6f4e1dae288e3cca6cad7440bd3e6a0ad373182118572e02f6f6448f5e56ea,tcs_open_problems:L002,2,False
tcs_open_problems,3,01_high_dimensional_sphere_packing,generic,74504bfd00b55654698c47f6c76fb5407f8598b7c6a269690ba7f18528526327,tcs_open_problems:L003,1,True
tcs_open_problems,4,01_high_dimensional_sphere_packing,strategies,978d5109a38a3b3b0836c09a6baec03e80f102ef1068c3f1b4b6fb0ec540f473,tcs_open_problems:L004,2,False
tcs_open_problems,5,06_quantum_parallel_repetition,strategies,eec3085cbff5433b5f8a484f4705b73b99b0fc6641f6b057e91617151258b2c0,tcs_open_problems:L005,1,True
tcs_open_problems,6,06_quantum_parallel_repetition,generic,30bb1201e28b2a6993210dceb79127c03e6cf0facbb44976ac1fb7466ce7d1a5,tcs_open_problems:L006,1,True
tcs_open_problems,8,02_binary_and_spherical_codes,strategies,192a338fcbbfba2320b9deeb4ac1bc8eb2d5e7f5a6951906563def028d3ddb64,tcs_open_problems:L007,1,True
tcs_open_problems,9,07_closest_vector_problem,strategies,4deee802ef9cae18f9b5ce71bb0803246885e7b0128b51e728a2a204fc60b1bc,tcs_open_problems:L008,4,False
tcs_open_problems,10,07_closest_vector_problem,generic,de01f67fee3d4758b951613707fe958bfc104594a2c756ce13d1097f3f55f5ce,tcs_open_problems:L009,1,True
tcs_open_problems,12,07_closest_vector_problem,strategies,1a24c684836141ded8829ab0d4fc15f9219088568b5f5c5768de6532b8ca3650,tcs_open_problems:L008,4,False
tcs_open_problems,13,01_high_dimensional_sphere_packing,generic,16a233bd2906eb38ffdf378fbcd5735248b0256eda327c78f32ccc7db163a37e,tcs_open_problems:L010,1,True
tcs_open_problems,14,01_high_dimensional_sphere_packing,strategies,9606981a359f0017b51f54ef46a1fde966028dfa3bff06374e9acef712beaaf3,tcs_open_problems:L011,1,True
tcs_open_problems,15,07_closest_vector_problem,strategies,b3271e9f010003fac8bca467c8b7c8ee752dc02c39485a1366d6daadba82499f,tcs_open_problems:L012,1,True
tcs_open_problems,16,07_closest_vector_problem,generic,f992adcf3a999b53e5302eb5a6ba145ffdcd7fd108e6810fc86f7b27101578f6,tcs_open_problems:L013,1,True
tcs_open_problems,17,05_arithmetic_circuit_complexity,strategies,a54a960cb8c8c185e60519fb84e9877a499a12a495d24634ed538ffd19d4ac6b,tcs_open_problems:L014,1,True
tcs_open_problems,18,05_arithmetic_circuit_complexity,generic,4ee1203f47dab8b0ef520c5c41a3e4e2d16672ecbd562cc20876d8fcd1b5421c,tcs_open_problems:L001,3,False
tcs_open_problems,19,02_binary_and_spherical_codes,strategies,9df37afa681c3a8d511fdc2e8bc8606ce257dfe8fb12f1bdbbeb690d6a1e92b3,tcs_open_problems:L015,1,True
tcs_open_problems,20,02_binary_and_spherical_codes,generic,637e90176a43db10f41e13fec3333c84c54dd083f8f248ddc774d44ee1cccc39,tcs_open_problems:L016,1,True
tcs_open_problems,21,06_quantum_parallel_repetition,strategies,14a6a655fb04be2a4ddc92edc596f1612e250102483d1ce3e01ef9088675bf64,tcs_open_problems:L017,2,False
tcs_open_problems,22,06_quantum_parallel_repetition,generic,f5ca53bbc746f3ec51ea2345dd91f6e6ed3c3bbade9e52798cf53169dc6ad5ae,tcs_open_problems:L018,1,True
tcs_open_problems,23,07_closest_vector_problem,strategies,b2fe04c124d4864b1356e37d789a199f6be6a6aa9455aa0ab226d35550c6237f,tcs_open_problems:L008,4,False
tcs_open_problems,24,07_closest_vector_problem,generic,a1ad0db31fbfc7dae67da4f6294c172794d62440cef1eba212080c22979b8fd6,tcs_open_problems:L019,1,True
tcs_open_problems,25,05_arithmetic_circuit_complexity,generic,5e532535bf7b67cbf34f0def35e6c6077475052df7f358386a9f61fd094a99e6,tcs_open_problems:L020,1,True
tcs_open_problems,26,05_arithmetic_circuit_complexity,strategies,ab6f4e1dae288e3cca6cad7440bd3e6a0ad373182118572e02f6f6448f5e56ea,tcs_open_problems:L002,2,False
tcs_open_problems,27,05_arithmetic_circuit_complexity,generic,2fb141253b272ae18c4c9910143bb43e2686b1d6a5f6dc105f33bb2438375cad,tcs_open_problems:L021,1,True
tcs_open_problems,28,05_arithmetic_circuit_complexity,strategies,a7010cb1f6ea7f93a2ad625cc54258e78740dd224a34603682ab957953e1389e,tcs_open_problems:L022,1,True
tcs_open_problems,29,05_arithmetic_circuit_complexity,generic,4ee1203f47dab8b0ef520c5c41a3e4e2d16672ecbd562cc20876d8fcd1b5421c,tcs_open_problems:L001,3,False
tcs_open_problems,30,05_arithmetic_circuit_complexity,strategies,a656a55fb007fecd42277803a19c2ee6a2b2490a961793fc19f15d904dede169,tcs_open_problems:L023,1,True
tcs_open_problems,31,02_binary_and_spherical_codes,strategies,e3c293eda672eab5a5ef3de8d67789245a76666543799121055ac6f9d9b41235,tcs_open_problems:L024,1,True
tcs_open_problems,32,02_binary_and_spherical_codes,generic,22e377cbca65baa57b31cfd1db2d17411f248314fc8fe461346f3391731be15e,tcs_open_problems:L025,1,True
tcs_open_problems,33,06_quantum_parallel_repetition,strategies,31e667bec2b60cb422b7089f64c3dbd55a7a510aa8ec9e3d6a829b3a77d46edd,tcs_open_problems:L026,1,True
tcs_open_problems,34,06_quantum_parallel_repetition,generic,57783830391f37aa3c8e1c41e1fb290defc2a6bfbcdfba2e3de32bb1814fb490,tcs_open_problems:L027,1,True
tcs_open_problems,36,02_binary_and_spherical_codes,generic,a8156de8b4b79a277525c21a11ce2fc1853d48246599ab873c9465eb64e1084e,tcs_open_problems:L028,1,True
tcs_open_problems,37,01_high_dimensional_sphere_packing,strategies,c31374ed66963222cc329eff028e4419b98d08a4e2100996905e2cbb470ae7d2,tcs_open_problems:L029,1,True
tcs_open_problems,41,01_high_dimensional_sphere_packing,strategies,e9642e1184abe3512c6e290763b9af810cb9284edc12835487267e620a0cf66f,tcs_open_problems:L030,1,True
tcs_open_problems,42,01_high_dimensional_sphere_packing,generic,1639933d03ba8163faca43ac6146d9a33cf8c0c6233c2917e798c951254d5a18,tcs_open_problems:L031,1,True
tcs_open_problems,43,06_quantum_parallel_repetition,strategies,c1a976c21fd3e0bedca7a90670a0440294eac4f9d00522af0d58225920b9852b,tcs_open_problems:L017,2,False
tcs_open_problems,44,06_quantum_parallel_repetition,generic,87ed02f831fd2d805a881896851df6e682a15886fc38f15efb59fde4ed77167b,tcs_open_problems:L032,1,True
tcs_open_problems,45,02_binary_and_spherical_codes,generic,1f7077edb07833b64aa2ec2a58b878d80adafd1b0bf97bfdec2d293482312ac6,tcs_open_problems:L033,1,True
tcs_open_problems,46,02_binary_and_spherical_codes,strategies,6b4a925d367cc51ad6f9447abc34b0d6b22fe6a356ae20830f27a743387c9c76,tcs_open_problems:L034,1,True
tcs_open_problems,47,07_closest_vector_problem,strategies,b15e9e29759b4ee18524cea2e6eab2c3c5879e059acd6f77e406f727ad241bc9,tcs_open_problems:L008,4,False
tcs_open_problems,48,07_closest_vector_problem,generic,cdb8d01a39bf97712281f76a517dbfad5862491eca443cd99b3ddf54660d26ec,tcs_open_problems:L035,1,True
tcs_open_problems,49,01_high_dimensional_sphere_packing,generic,c9334cc9279942f2d981c1e51061ac86a9795ecbbebc52e09f15282dea92dfc6,tcs_open_problems:L036,1,True
tcs_open_problems,50,01_high_dimensional_sphere_packing,strategies,ae32b488cde66c9d312081a787e0390ca2596ede3d944e4cd9ef8563cc866b4b,tcs_open_problems:L004,2,False
recent_math,1,arxiv_2405_19197,generic,f4eb56d704ee70f1a780dead5445aa8f3233af1e103ab690e0d7af8da0ae9546,recent_math:L001,4,False
recent_math,2,arxiv_2405_19197,generic,8204aed06afbf51eeec9ddd4851a9056b63fcae9a3a6b3fca8bd90400c7194a5,recent_math:L002,3,False
recent_math,3,arxiv_2405_19197,generic,f4eb56d704ee70f1a780dead5445aa8f3233af1e103ab690e0d7af8da0ae9546,recent_math:L001,4,False
recent_math,4,arxiv_2405_19197,generic,0f2549bf023482a03156b8bd3e7e308fc729ef4d203bd6aae5d7b5c27ee6766b,recent_math:L003,1,True
recent_math,5,arxiv_2405_19197,generic,f4eb56d704ee70f1a780dead5445aa8f3233af1e103ab690e0d7af8da0ae9546,recent_math:L001,4,False
recent_math,6,arxiv_2405_19197,strategies,3e581e2d8a6d13ffc6f958300ceb67c506115d01a02b2d83dbe6d20be4f9a718,recent_math:L004,1,True
recent_math,7,arxiv_2405_19197,strategies,8204aed06afbf51eeec9ddd4851a9056b63fcae9a3a6b3fca8bd90400c7194a5,recent_math:L002,3,False
recent_math,8,arxiv_2405_19197,strategies,d85922606e7a57f6f3b59082f82fe366f608ef467c65f2ed596cace8a77694ca,recent_math:L005,1,True
recent_math,9,arxiv_2405_19197,strategies,8204aed06afbf51eeec9ddd4851a9056b63fcae9a3a6b3fca8bd90400c7194a5,recent_math:L002,3,False
recent_math,10,arxiv_2405_19197,strategies,f4eb56d704ee70f1a780dead5445aa8f3233af1e103ab690e0d7af8da0ae9546,recent_math:L001,4,False
recent_math,11,arxiv_2406_16806,generic,2bb188c4f230d292e978701f105e57edeccf5ca8f704c16e97198b1383e46c1c,recent_math:L006,1,True
recent_math,12,arxiv_2406_16806,generic,d7e4b9881f343829bf8db1be35783763abbc1762e8ec0bb6ec996f6d99c52c51,recent_math:L007,1,True
recent_math,13,arxiv_2406_16806,generic,eaba59c3c03c7e0fea3058b7fbd8ce482e5103337cf26d008b22ec8464075dd9,recent_math:L008,2,False
recent_math,14,arxiv_2406_16806,generic,c2125fbe381b5ae09015f5c7ab26ac062e7629e1ce0c32a43565dc7bfd65183c,recent_math:L009,1,True
recent_math,15,arxiv_2406_16806,generic,99517fd55cd4067bdac35f9745bec275aeeef565d668f03306b8987306bab556,recent_math:L010,1,True
recent_math,16,arxiv_2406_16806,strategies,a1df69bfab86bf1657b4ccd04faaf201f58a2bf03d089321abcba1c3ae832f2e,recent_math:L011,1,True
recent_math,17,arxiv_2406_16806,strategies,9b8ade8bf49a0ee4bd59f9b8638e3b068d15ccfe7ccc1eb4a4ec94ee59be3582,recent_math:L012,1,True
recent_math,18,arxiv_2406_16806,strategies,1b1448dbfdf97c3a3a1dbc7ab15e09d809bbfaeb2b83a1a829be8c37f04cda4f,recent_math:L013,1,True
recent_math,19,arxiv_2406_16806,strategies,eaba59c3c03c7e0fea3058b7fbd8ce482e5103337cf26d008b22ec8464075dd9,recent_math:L008,2,False
recent_math,20,arxiv_2406_16806,strategies,b706778a027a71075e345993953c63403c318e8deda15a628cc638397b13618e,recent_math:L014,1,True
recent_math,21,arxiv_2501_05622,generic,8daa590d64e5e3722e72fcba5d4ca9d97851e1efdb203880791e5930ba953bbf,recent_math:L015,1,True
recent_math,22,arxiv_2501_05622,generic,282daf13ca6f13e8bd4323dbdc76cb4eccdbf1db8e0418701b1908ccbb9fe209,recent_math:L016,2,False
recent_math,23,arxiv_2501_05622,generic,b5676b0537b01a1578f259526994c430c81827adab8e0459247448a4de9c8a9a,recent_math:L017,1,True
recent_math,24,arxiv_2501_05622,generic,282daf13ca6f13e8bd4323dbdc76cb4eccdbf1db8e0418701b1908ccbb9fe209,recent_math:L016,2,False
recent_math,25,arxiv_2501_05622,generic,e89264098cd573d76fc63aa0e232be70fb6b69a10b646994422385938b793df4,recent_math:L018,3,False
recent_math,26,arxiv_2501_05622,strategies,ca3d2b10b69fff666d1157413cc13c99bb6b79a884c84d494e63c3232ab7eca8,recent_math:L019,1,True
recent_math,27,arxiv_2501_05622,strategies,e89264098cd573d76fc63aa0e232be70fb6b69a10b646994422385938b793df4,recent_math:L018,3,False
recent_math,28,arxiv_2501_05622,strategies,3f686370d9bec17fbf195e021680b0233c0708ae006b88ef7fe51dd766717664,recent_math:L020,1,True
recent_math,29,arxiv_2501_05622,strategies,4a61bf6e2d3728166d962b9825abf0cd659ec6f8ccf41b283ed36b9b2d06ee5e,recent_math:L021,1,True
recent_math,30,arxiv_2501_05622,strategies,e89264098cd573d76fc63aa0e232be70fb6b69a10b646994422385938b793df4,recent_math:L018,3,False
recent_math,31,arxiv_2505_05324,generic,cc46e8e3fa3659d7aa8a5a79eee7b9d27708aa3800fe31315437577e30936565,recent_math:L022,1,True
recent_math,32,arxiv_2505_05324,generic,ad4f02320a3d88769edb88ad2efdba45e43ccded746460ba305748d74924e0ea,recent_math:L023,2,False
recent_math,33,arxiv_2505_05324,generic,0f3e444e1b684331930aebefb6414536b53a285f66e86815371ff8607f4d896f,recent_math:L024,4,False
recent_math,34,arxiv_2505_05324,generic,e7a67d27bb7a3927f54fbd84a3ff38f0751dad12b476c8cbb575b30f173a5331,recent_math:L025,2,False
recent_math,35,arxiv_2505_05324,generic,1a94b2ac6b3d7f92b96794ea9c5f40955cf59c0ff9eb8e2cec43eb1b31af3442,recent_math:L024,4,False
recent_math,36,arxiv_2505_05324,strategies,2f7aa703e112b433eadffc5a963e8dc06375ff7c42d721e85a827c79fabe25a5,recent_math:L025,2,False
recent_math,37,arxiv_2505_05324,strategies,11d74af69e74f32d5a07d8fd594b3fea7bcdb790a06e1b80fb2aabdca0a8bba4,recent_math:L026,1,True
recent_math,38,arxiv_2505_05324,strategies,ad4f02320a3d88769edb88ad2efdba45e43ccded746460ba305748d74924e0ea,recent_math:L023,2,False
recent_math,39,arxiv_2505_05324,strategies,4c46f862b44dbdab5264ce595e5ac7351b654ce041ec7277f49f2cb2832c37be,recent_math:L024,4,False
recent_math,40,arxiv_2505_05324,strategies,a18e255651e9dd8ab7ef0d7fe140ffe5eee17478097c814b2e17ed3f0238d13b,recent_math:L024,4,False
recent_math,41,arxiv_2507_21862,generic,321acbb944e084d4b1245516aa235301a510cb7ac1d86e689841e4598eb24dc4,recent_math:L027,1,True
recent_math,42,arxiv_2507_21862,generic,97c312488c26dff1e572b14c70d255972fe4faad008a462038ea994de3fc81c8,recent_math:L028,2,False
recent_math,43,arxiv_2507_21862,generic,9147e746b75250ea3d52f3066a871146a00de3fa5f4c28f98da39ae16a4ccf79,recent_math:L029,3,False
recent_math,44,arxiv_2507_21862,generic,6c7e0ab7ff1e7557b47cf9a2c18fdffe08de2219931fa52df712619c86a49a18,recent_math:L030,1,True
recent_math,45,arxiv_2507_21862,generic,1d27ec5d94aca231840c2b639d17f23955dc83c41e7a83165f1330b95b7dee6c,recent_math:L031,1,True
recent_math,46,arxiv_2507_21862,strategies,6cf66e6a300e91e07337b9a7190ff2c8d62e8b13c6d0784f140a2b3837f6cff6,recent_math:L029,3,False
recent_math,47,arxiv_2507_21862,strategies,428262b7c4c7fd852dff85723bb36ce84cfc9a2242dcc318dd46daa403d278ce,recent_math:L032,2,False
recent_math,48,arxiv_2507_21862,strategies,428262b7c4c7fd852dff85723bb36ce84cfc9a2242dcc318dd46daa403d278ce,recent_math:L032,2,False
recent_math,49,arxiv_2507_21862,strategies,43ed4481b0f998a20ea8a7f090e3d8a318e967b7b5f1e49b415449f70ae566d3,recent_math:L028,2,False
recent_math,50,arxiv_2507_21862,strategies,ca370da77cc3e84cdb9b095c78449c743bf4695e97f6b410ab64e7a750e2f15e,recent_math:L029,3,False
